name,inst_id,city,matched_to,match,matched_papers,best_candidate_papers,candidates,title_verbatim,evidence_url
Andreas Krause,de-mpi-is-stu,Stuttgart,,ambiguous_full(9),0,122,"Andreas Krause 0001 (122p; ETH Zurich, Switzerland|Carnegie Mellon University, Pittsbur) | Andreas Krause 0005 (0p; IPH Hannover, Germany) | Andreas Krause 0002 (0p; University of Bath, School of Management, UK) | Andreas Krause 0007 (0p; Philips Semiconductors, Hamburg, Germany) | Andreas Krause 0008 (0p; no affiliation) | Andreas Krause 0004 (0p; Immanuel Hospital Berlin, Germany|Charité University Hospita)",Max Planck Fellow,https://is.mpg.de/ilg/person/108
Björn Schuller,de-mcml,München,Björn Schuller,full,0,62,"Björn W. Schuller (62p; Imperial College London, GLAM, UK|University of Augsburg, De) | Björn Schuller (0p; no affiliation)","Prof. Dr., Core PI",https://mcml.ai/research/groups/schuller/
Björn Schuller,de-tu-munich,München,Björn Schuller,full,0,62,"Björn W. Schuller (62p; Imperial College London, GLAM, UK|University of Augsburg, De) | Björn Schuller (0p; no affiliation)",Prof. Dr.,https://campus.tum.de/tumonline/visitenkarte.show_vcard?pPersonenId=C81D6E2A817253F0&pPersonenGruppe=3
Jia Chen,de-tu-munich,München,Jia Chen 0015,affiliation,0,41,"Jiajun Chen 0001 (41p; Nanjing University, National Key Laboratory for Novel Softwa) | Jiawei Chen (14p; no affiliation) | Jiayu Chen (9p; no affiliation) | Jiahui Chen (7p; no affiliation) | Jiaxin Chen (6p; no affiliation) | Jia Chen 0003 (4p; Tsinghua University, Beijing, China)",Prof. Dr.-Ing.,https://campus.tum.de/tumonline/visitenkarte.show_vcard?pPersonenId=1FFCB0A4079A2968&pPersonenGruppe=3
Xi Wang,de-mcml,München,,ambiguous_full(51),0,34,"Xi Wang (34p; no affiliation) | Xi Wang 0021 (19p; ETH Zurich, Zurich, Switzerland) | Xi Wang 0018 (9p; National University of Defense Technology, College of Comput) | Xi Wang 0024 (5p; Team VISTA, LIX, École Polytechnique, Paris, France) | Xi Wang 0016 (5p; Microsoft Cloud and AI, Bejing, China) | Xi Wang 0009 (4p; Southeast University, China)","Dr., JRG Leader Egocentric Vision",https://mcml.ai/research/groups/wang-xi/
Sebastian Riedel,de-bht,Berlin,Sebastian Riedel 0003,affiliation,0,27,"Sebastian Riedel 0001 (27p; Google DeepMind, USA) | Sebastian Riedel 0002 (2p; Agile Robots AG|German Aerospace Center (DLR), Wessling, Ger) | Sebastian Riedel 0004 (0p; Architectural Informatics, Technische Universität München, M) | Sebastian Riedel (0p; no affiliation) | Sebastian L. Riedel (0p; no affiliation) | Sebastian Riedel 0003 (0p; TU Berlin, Germany|Weierstraß-Institut, Berlin, Germany)",Prof. Dr.-Ing. Sebastian Riedel,https://www.bht-berlin.de/people/detail/2426
Thomas Steinke,de-zib,Berlin,Thomas Steinke 0001,affiliation,0,19,"Thomas Steinke 0002 (19p; Google, Mountain View, CA, USA|IBM Almaden Research Center, ) | Thomas Steinke 0001 (0p; Zuse Institute Berlin (ZIB), Germany) | Thomas Steinke 0003 (0p; California Polytechnic State University, San Jose, CA, USA)","Steinke, Thomas, Dr.",https://www.zib.de/research/pdc/das
Frank Neumann,de-bht,Berlin,,ambiguous_full(5),0,9,"Frank Neumann 0001 (9p; University of Adelaide, Australia|Max Planck Institute for I) | Frank Neumann 0002 (0p; Technical University of Berlin, Germany) | Frank Neumann 0005 (0p; University of Leicester, School of Mathematics and Actuarial) | Frank Neumann 0003 (0p; Universität Hannover, Theoretische Chemie, Germany) | Frank Neumann 0004 (0p; HTW Berlin - University of Applied Sciences, Germany)",Prof. Dr.-Ing. Frank Neumann,https://www.bht-berlin.de/people/detail/1903
Frank Neumann,de-htw-berlin,Berlin,,ambiguous_full(5),0,9,"Frank Neumann 0001 (9p; University of Adelaide, Australia|Max Planck Institute for I) | Frank Neumann 0002 (0p; Technical University of Berlin, Germany) | Frank Neumann 0005 (0p; University of Leicester, School of Mathematics and Actuarial) | Frank Neumann 0003 (0p; Universität Hannover, Theoretische Chemie, Germany) | Frank Neumann 0004 (0p; HTW Berlin - University of Applied Sciences, Germany)",Prof. Dr.-Ing. Frank Neumann,https://www.htw-berlin.de/hochschule/personen/person/?eid=9685
Yatong Chen,de-mpi-is-tue,Tübingen,,ambiguous_full(2),0,9,"Yatong Chen (9p; no affiliation) | Yatong Chen 0001 (0p; Shanghai Jiao Tong University, School of Computer Science an)",Research Group Leader,https://is.mpg.de/sf/people
Young-Ae Lee,de-mdc,Berlin,,ambiguous_first_last(157),0,8,"Young-Suk Lee 0001 (8p; IBM T. J. Watson Research Center, Yorktown Heights, NY, USA|) | Young-Jun Lee (3p; no affiliation) | Young Yoon Lee (2p; no affiliation) | Young Han Lee (2p; no affiliation) | Young M. Lee (2p; no affiliation) | Young-Eun Lee (2p; no affiliation)","Prof. Dr. Young-Ae Lee, Group Leader",https://www.mdc-berlin.de/research/discovery/labs-platforms
Frank Schneider,de-bht,Berlin,,ambiguous_full(2),0,7,"Frank Schneider 0001 (7p; University of Tübingen, Germany) | Frank M. Schneider (0p; University of Mannheim, Germany) | Frank Schneider (0p; no affiliation) | Frank R. Schneider (0p; no affiliation) | Frank E. Schneider (0p; no affiliation)",Prof. Dr.-Ing. Frank Schneider,https://www.bht-berlin.de/people/detail/1101
Jung-Hwa Lee,de-bht,Berlin,,ambiguous_full(2),0,6,Jung Hyun Lee (6p; no affiliation) | Jung-Suk Lee (2p; no affiliation) | Jung Hoon Lee (2p; no affiliation) | Jungwoo Lee (1p; no affiliation) | Jung H. Lee (1p; no affiliation) | Jung-Oh Lee (1p; no affiliation),Prof. Ph.D. Jung-Hwa Lee,https://www.bht-berlin.de/people/detail/1251
Steffen Schneider,de-helmholtz-munich,München,Steffen Schneider 0004,affiliation,1,6,"Steffen Schneider 0001 (6p; University of Tübingen, Germany|EPFL, Geneva, Switzerland) | Steffen Schneider 0004 (1p; Helmholtz Munich, Germany) | Steffen Schneider 0003 (0p; Procure.AI, London, UK) | Steffen Schneider 0002 (0p; University of Paderborn, C.I.K., Germany)","Tenure Track Group Leader, Institute of Computational Biology, Computational Health Center",https://www.helmholtz-munich.de/en/icb/research-groups/research-group/schneider-lab
Michael Schneider,de-htw-berlin,Berlin,Michael Schneider 0013,affiliation,0,6,"Michael Bohlke-Schneider (6p; no affiliation) | Michael Schneider 0005 (0p; University of Trier, Germany) | Michael Karl Artur Schneider (0p; no affiliation) | Michael J. Schneider (0p; no affiliation) | Michael Schneider 0011 (0p; Karlsruhe Institute of Technology, Karlsruhe, Germany) | Michael Schneider 0003 (0p; German Research Center for Artificial Intelligence (DFKI), S)",Prof. Dr.-Ing. Michael Schneider,https://www.htw-berlin.de/hochschule/personen/person/?eid=9163
Steffen Schneider,de-mcml,München,Steffen Schneider 0004,affiliation,1,6,"Steffen Schneider 0001 (6p; University of Tübingen, Germany|EPFL, Geneva, Switzerland) | Steffen Schneider 0004 (1p; Helmholtz Munich, Germany) | Steffen Schneider 0003 (0p; Procure.AI, London, UK) | Steffen Schneider 0002 (0p; University of Paderborn, C.I.K., Germany)","Dr., Collaborating PI",https://mcml.ai/research/groups/schneider/
Huu-Thoi Le,de-bht,Berlin,,ambiguous_first_last(19),0,5,Huu Le (5p; no affiliation) | Huu-Loi Le (1p; no affiliation) | Huu Trong Le (0p; no affiliation) | Huu Dien Khue Le (0p; no affiliation) | Huu Phuc Le (0p; no affiliation) | Huu Thang Le (0p; no affiliation),Prof. Dr.-Ing. Huu-Thoi Le,https://www.bht-berlin.de/people/detail/1306
Volker Roth,de-freie-universitaet-berlin,Berlin,Volker Roth 0002,affiliation,0,5,"Volker Roth 0001 (5p; University of Basel, Switzerland|University of Bonn, Germany) | Volker Roth 0002 (0p; FU Berlin, Germany) | Volker Roth 0003 (0p; Philipps University of Marburg, Germany)",Prof. Dr. Volker Roth,https://www.mi.fu-berlin.de/inf/groups/ag-si/index.html
Johannes Müller,de-tu-munich,München,,ambiguous_full(8),0,5,"Johannes Müller (5p; no affiliation) | Johannes Müller 0003 (2p; Ulm University, Germany) | Johannes Müller 0001 (0p; University of Luxembourg, Interdisciplinary Centre for Secur) | Johannes Muller (0p; no affiliation) | Johannes Müller 0002 (0p; University of Applied Sciences Bonn-Rhein-Sieg, Germany) | Johannes Müller 0005 (0p; University of Auckland, Department of Computer Science, New )",Prof. Dr.,https://campus.tum.de/tumonline/visitenkarte.show_vcard?pPersonenId=9CB1354F33A33774&pPersonenGruppe=3
Seyed Jalal Etesami,de-tu-munich,München,,ambiguous_first_last(2),0,5,S. Rasoul Etesami 0001 (5p; no affiliation) | Seyed Omid Etesami (0p; no affiliation),Prof. Dr.,https://campus.tum.de/tumonline/visitenkarte.show_vcard?pPersonenId=11582B8747F1A812&pPersonenGruppe=3
Jesús Pérez Ríos,de-fhi-mpg,Berlin,Jesús Pérez-Ríos,full,0,4,Jesus Rios (4p; no affiliation) | Jesús Pérez-Ríos (0p; no affiliation) | Jesus Medina-Rios (0p; no affiliation) | Jesús Mercado-Ríos (0p; no affiliation),Prof. / group leader of an Associated Research Group (page gives name and group only),https://www.fhi.mpg.de/209303/Research-groups
Johannes Fischer,de-fraunhofer-hhi,Berlin,Johannes K. Fischer,affiliation,0,4,"Johannes Fischer 0007 (4p; Karlsruhe Institute of Technology, Germany) | Johannes S. Fischer (1p; no affiliation) | Johannes Fischer 0008 (0p; University of Freiburg, Faculty of Medicine, Germany) | Johannes Fischer 0003 (0p; Institut für Datenverarbeitung in der Technik, KfK, Karlsruh) | Johannes Fischer 0002 (0p; Universität Erlangen-Nürnberg) | Johannes Fischer 0006 (0p; Fraunhofer IIS, Germany)","Dr.-Ing. Johannes Fischer, ""Head of Digital Signal Processing Group""; DE ""Gruppenleiter Digitale Signalverarbeitung""",https://www.hhi.fraunhofer.de/en/departments/pn/people-and-contact.html
Thomas Walter,de-uni-potsdam,Potsdam,,ambiguous_full(5),0,4,"Thomas Walter 0003 (4p; MINES ParisTech / Institut Curie, Centre for Computational B) | Thomas Walter 0004 (0p; no affiliation) | Thomas R. Walter (0p; no affiliation) | Thomas Walter (0p; no affiliation) | Thomas Walter 0002 (0p; Eberhard Karls University of Tübingen, Germany) | Thomas Walter 0001 (0p; DOCOMO Euro-Labs, Munich, Germany)",Gemeinsam berufene und außerplanmäßige ProfessorInnen und PrivatdozentInnen an außeruniversitären Forschungseinrichtungen - GFZ | Prof. Dr.,https://www.uni-potsdam.de/de/geo/institut/mitarbeiter
Thomas Walter,de-university-of-t-bingen,Tübingen,Thomas Walter 0002,affiliation,0,4,"Thomas Walter 0003 (4p; MINES ParisTech / Institut Curie, Centre for Computational B) | Thomas Walter 0004 (0p; no affiliation) | Thomas R. Walter (0p; no affiliation) | Thomas Walter (0p; no affiliation) | Thomas Walter 0002 (0p; Eberhard Karls University of Tübingen, Germany) | Thomas Walter 0001 (0p; DOCOMO Euro-Labs, Munich, Germany)",Prof. Dr. rer. nat. Thomas Walter,https://uni-tuebingen.de/fakultaeten/mathematisch-naturwissenschaftliche-fakultaet/fachbereiche/informatik/arbeitsgruppen/
Ali Abbasi,de-cispa-helmholtz-center,Saarbrücken,Ali Abbasi 0002,affiliation,0,3,"Ali Abbasi 0008 (3p; Vanderbilt University, Nashville, TN, USA) | Ali Abbasi 0003 (0p; Chulalongkorn University, Bangkok, Thailand|Tabriz Universit) | Ali Abbasi 0007 (0p; no affiliation) | Ali Abbasi (0p; no affiliation) | Ali Farshian Abbasi (0p; no affiliation) | Ali Abbasi 0002 (0p; CISPA Helmholtz Center for Information Security, Saarbrücken)",Faculty,https://cispa.de/en/people/c02alab
Jung Han Choi,de-fraunhofer-hhi,Berlin,,ambiguous_full(2),0,3,Jung-Woo Choi (3p; no affiliation) | Jung-Hye Choi (0p; no affiliation) | Jung-Kyoo Choi (0p; no affiliation) | Jung Min Choi (0p; no affiliation) | Jung-Han Choi (0p; no affiliation) | Jung-Woon Choi (0p; no affiliation),"Dr. Jung Han Choi, printed as ""Contact: Dr. Jung Han Choi"" for the IC Design Group (no head/leader title given)",https://www.hhi.fraunhofer.de/en/departments/inp-and-rf/research-groups.html
Patrick Ebel,de-hpi,Potsdam,,ambiguous_full(2),0,3,"Patrick Ebel 0002 (3p; Technical University of Munich, Department of Aerospace and ) | Patrick Ebel 0001 (0p; Leipzig University, Germany)",Fachgebietsleiter Computational Interaction,https://hpi.de/forschung/fachgebiete/computational-interaction/
Matthias Weidlich,de-hpi,Potsdam,,ambiguous_full(2),0,3,"Matthias Weidlich 0001 (3p; Humboldt-University Berlin, Germany) | Matthias Weidlich 0002 (0p; Charité - Universitätsmedizin Berlin, Germany)",Head of Data Systems,https://hpi.de/en/database-group/people/
Stefan Schmid,de-tu-berlin,Berlin,,ambiguous_full(8),0,3,"Stefan Schmid 0002 (3p; Robert Bosch GmbH, Corporate Research, Germany|Lancaster Uni) | Stefan Mitsch (1p; DePaul University, Chicago, IL, USA) | Stefan Schmid (0p; no affiliation) | Stefan M. Schmid (0p; no affiliation) | Stefan P. Schmid (0p; ETH Zurich, Department of Chemistry and Applied Biosciences,) | Stefan Schmid 0003 (0p; Goethe University Frankfurt, Germany)",Prof. Dr. Stefan Schmid,https://www.tu.berlin/eninet/ueber-uns
Stefan Wagner,de-tu-munich,München,,ambiguous_full(23),0,3,"Stefan Sylvius Wagner (3p; Heinrich Heine University Düsseldorf, Germany) | Stefan Wagner 0001 (1p; Technical University Munich, School of Computation, Informat) | Stefan Wagner 0003 (0p; Gerhard Mercator University-GH Duisburg, Department of Infor) | Stefan Wagner 0018 (0p; Augsburg University, Germany) | Stefan Wagner (0p; no affiliation) | Stefan Wagner 0005 (0p; European School of Management and Technology, Berlin, German)",Prof. Dr.,https://campus.tum.de/tumonline/visitenkarte.show_vcard?pPersonenId=84DD0DE6E18B8C0A&pPersonenGruppe=3
Tim Nikolai Hoffmann,de-tu-munich,München,,ambiguous_first_last(2),0,3,Tim Hoffmann (3p; no affiliation) | Tim Benjamin Hoffmann (0p; no affiliation),Prof. Dr. rer. nat. habil.,https://campus.tum.de/tumonline/visitenkarte.show_vcard?pPersonenId=227C93C6FC3D4825&pPersonenGruppe=3
Patrick Ebel,de-uni-potsdam,Potsdam,,ambiguous_full(2),0,3,"Patrick Ebel 0002 (3p; Technical University of Munich, Department of Aerospace and ) | Patrick Ebel 0001 (0p; Leipzig University, Germany)",Prof. Dr. | Fachgebiet Computational Interaction,https://www.uni-potsdam.de/de/digital-engineering/forschung/fachgebiete
Matthias Weidlich,de-uni-potsdam,Potsdam,,ambiguous_full(2),0,3,"Matthias Weidlich 0001 (3p; Humboldt-University Berlin, Germany) | Matthias Weidlich 0002 (0p; Charité - Universitätsmedizin Berlin, Germany)",Prof. Dr. | Fachgebiet Data Systems,https://www.uni-potsdam.de/de/digital-engineering/forschung/fachgebiete
Michael Roth,de-university-of-stuttgart,Stuttgart,,ambiguous_full(10),0,3,"Michael Roth (3p; no affiliation) | Michael A. Roth (0p; Purdue University, Department of Computer Science, West Lafa) | Michael W. Roth (0p; no affiliation) | Michael Roth 0001 (0p; University of Technology Nuremberg, Germany|Saarland Univers) | Michael Roth 0004 (0p; Leipzig University, Germany) | Michael Roth 0003 (0p; Deutsches Zentrum für Luft- und Raumfahrt, Braunschweig, Ger)",Dr.,https://www.ims.uni-stuttgart.de/institut/arbeitsgruppen/
Alexander Martin,de-zib,Berlin,,ambiguous_full(7),0,3,"Alexander Martin 0006 (3p; University of Rochester, USA) | Alexander Martin 0003 (0p; University of Edinburgh, Centre for Language Evolution, UK) | Alexander Martin 0001 (0p; University of Erlangen-Nuremberg, Department of Mathematics,) | Alexander Martin 0007 (0p; University Hospital Zurich, Institute of Diagnostic and Inte) | Alexander Martin 0004 (0p; Michigan Technological University, Houghton, MI, USA) | Alexander J. Martin (0p; no affiliation)","Martin, Alexander, Prof. Dr.",https://www.zib.de/research/mai/optimization/mobilitylab
