inst_id,source,name,country,city_expected,homepage,csrankings_faculty,ror_query,ror_id,ror_name,ror_city,lat,lon,score,similarity,domain_match,coords_from,city_note,override_note,status
pt-universidade-de-lisboa,csrankings,Universidade de Lisboa,pt,,https://dei.tecnico.ulisboa.pt/en/,278,Universidade de Lisboa,01c27hj86,University of Lisbon,Lisbon,38.72509,-9.1498,1.00,1.00,1,,,,auto
gb-university-of-edinburgh,csrankings,University of Edinburgh,gb,,https://informatics.ed.ac.uk/,175,University of Edinburgh,01nrxwf90,University of Edinburgh,Edinburgh,55.95206,-3.19648,1.00,1.00,1,,,,auto
fr-cristal,csrankings,CRIStAL,fr,,https://www.cristal.univ-lille.fr,145,Université de Lille,02kzqn938,Université de Lille,Lille,50.63391,3.05512,1.00,1.00,0,,,"CRIStAL is UMR 9189, hosted on the Lille campus",auto
nl-tu-delft,csrankings,TU Delft,nl,,https://www.tudelft.nl/en/eemcs,145,TU Delft,02e2c7k09,Delft University of Technology,Delft,52.00667,4.35556,1.00,1.00,1,,,,auto
at-tu-wien,csrankings,TU Wien,at,,https://informatics.tuwien.ac.at/,120,TU Wien,04d836q62,TU Wien,Vienna,48.20849,16.37208,1.00,1.00,0,,,,auto
gb-university-college-london,csrankings,University College London,gb,,https://www.ucl.ac.uk/computer-science/,120,University College London,02jx3x895,University College London,London,51.50853,-0.12574,1.00,1.00,0,,,,auto
se-chalmers-gu,csrankings,Chalmers/GU,se,,https://www.chalmers.se/en/departments/cse/,118,Chalmers University of Technology,040wg7k59,Chalmers University of Technology,Gothenburg,57.70716,11.96679,1.00,1.00,1,,,CSRankings merges Chalmers and Gothenburg University,auto
dk-university-of-copenhagen,csrankings,University of Copenhagen,dk,,https://di.ku.dk/english/,116,University of Copenhagen,035b05819,University of Copenhagen,Copenhagen,55.67594,12.56553,1.00,1.00,1,,,,auto
dk-dtu,csrankings,DTU,dk,,https://www.compute.dtu.dk/,115,Technical University of Denmark,04qtj9h94,Technical University of Denmark,Kongens Lyngby,55.77044,12.50378,1.00,1.00,1,,,,auto
es-university-of-a-coru-a,csrankings,University of A Coruña,es,,https://pdi.udc.es,114,University of A Coruña,01qckj285,Universidade da Coruña,A Coruña,43.37135,-8.396,1.00,1.00,0,,,,auto
gb-queen-s-university-belfast,csrankings,Queen's University Belfast,gb,,https://www.qub.ac.uk,112,Queen's University Belfast,00hswnk62,Queen's University Belfast,Belfast,54.59682,-5.92541,1.00,1.00,1,,,,auto
de-tu-munich,csrankings,TU Munich,de,,https://www.cs.cit.tum.de/en/cs/home/,109,Technische Universität München,02kkvpp62,Technical University of Munich,Munich,48.13743,11.57549,1.00,1.00,1,,,Bare 'TU Munich' matched EU Business School's Munich campus,auto
gb-university-of-glasgow,csrankings,University of Glasgow,gb,,https://www.gla.ac.uk/schools/computing/,107,University of Glasgow,00vtgdb53,University of Glasgow,Glasgow,55.86515,-4.25763,1.00,1.00,0,,,,auto
gb-university-of-oxford,csrankings,University of Oxford,gb,,https://www.cs.ox.ac.uk/,102,University of Oxford,052gg0110,University of Oxford,Oxford,51.75222,-1.25596,1.00,1.00,1,,,,auto
gb-university-of-southampton,csrankings,University of Southampton,gb,,https://www.ecs.soton.ac.uk/,100,University of Southampton,01ryk1543,University of Southampton,Southampton,50.90395,-1.40428,1.00,1.00,0,,,,auto
it-politecnico-di-milano,csrankings,Politecnico di Milano,it,,https://www.deib.polimi.it/eng/home-page,99,Politecnico di Milano,01nffqt88,Politecnico di Milano,Milan,45.46427,9.18951,1.00,1.00,1,,,,auto
dk-it-university-of-copenhagen,csrankings,IT University of Copenhagen,dk,,https://en.itu.dk/,98,IT University of Copenhagen,02309jg23,IT University of Copenhagen,Copenhagen,55.67594,12.56553,1.00,1.00,1,,,,auto
ch-epfl,csrankings,EPFL,ch,,https://www.epfl.ch/schools/ic/,97,École Polytechnique Fédérale de Lausanne,02s376052,École Polytechnique Fédérale de Lausanne,Lausanne,46.516,6.63282,1.00,1.00,0,,,,auto
gb-university-of-cambridge,csrankings,University of Cambridge,gb,,https://www.cst.cam.ac.uk/,96,University of Cambridge,013meh722,University of Cambridge,Cambridge,52.2,0.11667,1.00,1.00,1,,,,auto
gb-imperial-college-london,csrankings,Imperial College London,gb,,https://www.imperial.ac.uk/computing/,95,Imperial College London,041kmwe10,Imperial College London,London,51.50853,-0.12574,1.00,1.00,1,,,,auto
it-sapienza-university-of-rome,csrankings,Sapienza University of Rome,it,,https://www.diag.uniroma1.it/en,95,Sapienza University of Rome,02be6w209,Sapienza University of Rome,Rome,41.89193,12.51133,1.00,1.00,1,,,,auto
se-kth-royal-inst-of-technology,csrankings,KTH Royal Inst. of Technology,se,,https://eecs.kth.se/,92,KTH Royal Inst. of Technology,026vcq606,KTH Royal Institute of Technology,Stockholm,59.32938,18.06871,1.00,0.90,1,,,,auto
se-uppsala-university,csrankings,Uppsala University,se,,https://www.it.uu.se/,91,Uppsala University,048a87296,Uppsala University,Uppsala,59.85882,17.63889,1.00,1.00,0,,,,auto
fr-ecole-normale-superieure-de-lyon,csrankings,Ecole Normale Superieure de Lyon,fr,,https://informatique.ens-lyon.fr,89,Ecole Normale Superieure de Lyon,04zmssz18,École Normale Supérieure de Lyon,Lyon,45.74906,4.84789,1.00,1.00,0,,,,auto
gb-royal-holloway-univ-of-london,csrankings,Royal Holloway Univ. of London,gb,,https://pure.royalholloway.ac.uk,87,"Royal Holloway, University of London",04g2vpn86,Royal Holloway University of London,Egham,51.43158,-0.55239,0.97,0.99,0,,,,auto
gb-university-of-liverpool,csrankings,University of Liverpool,gb,,https://www.liverpool.ac.uk/computer-science/,86,University of Liverpool,04xs57h96,University of Liverpool,Liverpool,53.41058,-2.97794,1.00,1.00,0,,,,auto
gb-university-of-bristol,csrankings,University of Bristol,gb,,https://www.bristol.ac.uk/engineering/schools/computer-science/,83,University of Bristol,0524sp257,University of Bristol,Bristol,51.45523,-2.59665,1.00,1.00,0,,,,auto
gb-university-of-manchester,csrankings,University of Manchester,gb,,https://www.cs.manchester.ac.uk/,83,University of Manchester,027m9bs27,University of Manchester,Manchester,53.48095,-2.23743,1.00,1.00,0,,,,auto
nl-university-of-twente,csrankings,University of Twente,nl,,https://www.utwente.nl/en/eemcs/,81,University of Twente,006hf6230,University of Twente,Enschede,52.21833,6.89583,1.00,1.00,1,,,,auto
gb-university-of-essex,csrankings,University of Essex,gb,,https://www.essex.ac.uk,80,University of Essex,02nkf1q06,University of Essex,Colchester,51.88921,0.90421,1.00,1.00,1,,,,auto
gb-cardiff-university,csrankings,Cardiff University,gb,,https://www.cardiff.ac.uk/computer-science,77,Cardiff University,03kk7td41,Cardiff University,Cardiff,51.48,-3.18,1.00,1.00,0,,,,auto
gb-university-of-york,csrankings,University of York,gb,,https://www.york.ac.uk/computer-science/,77,University of York,04m01e293,University of York,York,53.95763,-1.08271,1.00,1.00,1,,,,auto
it-university-of-salerno,csrankings,University of Salerno,it,,https://www.unisa.it,77,University of Salerno,0192m2k53,University of Salerno,Fisciano,40.77175,14.79454,1.00,1.00,1,,,,auto
nl-tu-eindhoven,csrankings,TU Eindhoven,nl,,https://www.win.tue.nl,77,Eindhoven University of Technology,02c2kyt77,Eindhoven University of Technology,Eindhoven,51.44083,5.47778,1.00,1.00,1,,,,auto
es-polytechnic-univ-of-catalonia,csrankings,Polytechnic Univ. of Catalonia,es,,https://www.cs.upc.edu/,76,Universitat Politècnica de Catalunya,03mb6wj31,Universitat Politècnica de Catalunya,Barcelona,41.38879,2.15899,1.00,1.00,1,,,,auto
gb-king-s-college-london,csrankings,King's College London,gb,,https://www.kcl.ac.uk/informatics,76,King's College London,0220mzb33,King's College London,London,51.50853,-0.12574,1.00,1.00,0,,,,auto
gb-university-of-sheffield,csrankings,University of Sheffield,gb,,https://www.sheffield.ac.uk/cs,76,University of Sheffield,05krs5044,University of Sheffield,Sheffield,53.38297,-1.4659,1.00,1.00,1,,,,auto
ee-university-of-tartu,csrankings,University of Tartu,ee,,https://cs.ut.ee/,70,University of Tartu,03z77qz90,University of Tartu,Tartu,58.38062,26.72509,1.00,1.00,1,,,,auto
at-graz-university-of-technology,csrankings,Graz University of Technology,at,,https://www.tugraz.at/fakultaeten/csbme/home,69,Graz University of Technology,00d7xrm67,Graz University of Technology,Graz,47.06733,15.44197,1.00,1.00,1,,,,auto
fi-aalto-university,csrankings,Aalto University,fi,,https://www.aalto.fi/en/department-of-computer-science,69,Aalto University,020hwjq30,Aalto University,Espoo,60.2052,24.6522,1.00,1.00,1,,,,auto
pl-university-of-warsaw,csrankings,University of Warsaw,pl,,https://www.mimuw.edu.pl/en/,69,University of Warsaw,039bjqg32,University of Warsaw,Warsaw,52.22977,21.01178,1.00,1.00,0,,,,auto
nl-vu-amsterdam,csrankings,VU Amsterdam,nl,,https://vu.nl/en/about-vu/faculties/faculty-of-science/departments/computer-science,68,VU Amsterdam,008xxew50,Vrije Universiteit Amsterdam,Amsterdam,52.37403,4.88969,1.00,1.00,1,,,,auto
gb-brunel-university-london,csrankings,Brunel University London,gb,,https://www.brunel.ac.uk/computer-science,67,Brunel University London,00dn4t376,Brunel University of London,London,51.50853,-0.12574,1.00,1.00,1,,,,auto
ch-eth-zurich,csrankings,ETH Zurich,ch,,https://inf.ethz.ch/,65,ETH Zurich,05a28rw58,ETH Zurich,Zurich,47.36667,8.55,1.00,1.00,1,,,,auto
gb-university-of-warwick,csrankings,University of Warwick,gb,,https://warwick.ac.uk/fac/sci/dcs/,65,University of Warwick,01a77tt86,University of Warwick,Coventry,52.40656,-1.51217,1.00,1.00,0,,,,auto
gr-ntua,csrankings,NTUA,gr,,https://www.ece.ntua.gr,65,National Technical University of Athens,03cx6bg69,National Technical University of Athens,Athens,37.98376,23.72784,1.00,1.00,1,,,,auto
it-university-of-pisa,csrankings,University of Pisa,it,,https://di.unipi.it/en/,65,University of Pisa,03ad39j10,University of Pisa,Pisa,43.70853,10.4036,1.00,1.00,1,,,,auto
de-tu-berlin,csrankings,TU Berlin,de,,https://www.tu.berlin/en/eecs,64,TU Berlin,03v4gjf40,Technische Universität Berlin,Berlin,52.52437,13.41053,1.00,1.00,0,,,,auto
ie-university-college-dublin,csrankings,University College Dublin,ie,,https://www.ucd.ie/cs/,64,University College Dublin,05m7pjf47,University College Dublin,Dublin,53.33306,-6.24889,1.00,1.00,1,,,,auto
gb-university-of-birmingham,csrankings,University of Birmingham,gb,,https://www.birmingham.ac.uk/schools/computer-science/,63,University of Birmingham,03angcq70,University of Birmingham,Birmingham,52.48142,-1.89983,1.00,1.00,0,,,,auto
gb-university-of-nottingham,csrankings,University of Nottingham,gb,,https://www.nottingham.ac.uk/computerscience/,63,University of Nottingham,01ee9ar58,University of Nottingham,Nottingham,52.9536,-1.15047,1.00,1.00,0,,,,auto
gb-university-of-kent,csrankings,University of Kent,gb,,https://www.cs.kent.ac.uk,62,University of Kent,00xkeyj56,University of Kent,Canterbury,51.27904,1.07992,1.00,1.00,1,,,,auto
gb-lancaster-university,csrankings,Lancaster University,gb,,https://www.lancaster.ac.uk/scc/,61,Lancaster University,04f2nsd36,Lancaster University,Lancaster,54.04649,-2.79988,1.00,1.00,1,,,,auto
gb-queen-mary-university-of-london,csrankings,Queen Mary University of London,gb,,https://www.qmul.ac.uk/eecs/,61,Queen Mary University of London,026zzn846,Queen Mary University of London,London,51.50853,-0.12574,1.00,1.00,0,,,,auto
de-karlsruhe-inst-of-technology,csrankings,Karlsruhe Inst. of Technology,de,,https://www.informatik.kit.edu/english/,60,Karlsruhe Institute of Technology,04t3en479,Karlsruhe Institute of Technology,Karlsruhe,49.00937,8.40444,1.00,1.00,1,,,,auto
gb-heriot-watt-university,csrankings,Heriot-Watt University,gb,,https://www.hw.ac.uk/about/our-schools/mathematical-and-computer-sciences/,60,Heriot-Watt University,04mghma93,Heriot-Watt University,Edinburgh,55.95206,-3.19648,1.00,1.00,0,,,,auto
nl-radboud-university,csrankings,Radboud University,nl,,https://www.cs.ru.nl,60,Radboud University Nijmegen,016xsfp80,Radboud University Nijmegen,Nijmegen,51.8425,5.85278,1.00,1.00,1,,,,auto
be-ku-leuven,csrankings,KU Leuven,be,,https://wms.cs.kuleuven.be/cs/english,59,KU Leuven,05f950310,KU Leuven,Leuven,50.87959,4.70093,1.00,1.00,1,,,,auto
gr-university-of-piraeus,csrankings,University of Piraeus,gr,,https://www.ds.unipi.gr,59,University of Piraeus,02qs84g94,University of Piraeus,Piraeus,37.94203,23.64619,1.00,1.00,1,,,,auto
dk-aarhus-university,csrankings,Aarhus University,dk,,https://cs.au.dk/,58,Aarhus University,01aj84f44,Aarhus University,Aarhus,56.15674,10.21076,1.00,1.00,1,,,,auto
gb-university-of-bath,csrankings,University of Bath,gb,,https://www.bath.ac.uk/departments/department-of-computer-science/,58,University of Bath,002h8g185,University of Bath,Bath,51.3751,-2.36172,1.00,1.00,0,,,,auto
nl-utrecht-university,csrankings,Utrecht University,nl,,https://www.uu.nl,58,Utrecht University,04pp8hn57,Utrecht University,Utrecht,52.09083,5.12222,1.00,1.00,1,,,,auto
de-max-planck-society,csrankings,Max Planck Society,de,,https://www.mpi-inf.mpg.de/,57,Max Planck Society,01hhn8329,Max Planck Society,Munich,48.13743,11.57549,1.00,1.00,0,,,,auto
nl-university-of-amsterdam,csrankings,University of Amsterdam,nl,,https://ivi.uva.nl/,57,University of Amsterdam,04dkp9463,University of Amsterdam,Amsterdam,52.37403,4.88969,1.00,1.00,1,,,,auto
gb-university-of-leeds,csrankings,University of Leeds,gb,,https://eps.leeds.ac.uk/computing,55,University of Leeds,024mrxd33,University of Leeds,Leeds,53.79648,-1.54785,1.00,1.00,1,,,,auto
ie-trinity-college-dublin,csrankings,Trinity College Dublin,ie,,https://www.scss.tcd.ie,55,Trinity College Dublin,02tyrky19,Trinity College Dublin,Dublin,53.33306,-6.24889,1.00,1.00,1,,,,auto
de-cispa-helmholtz-center,csrankings,CISPA Helmholtz Center,de,,https://cispa.saarland,54,CISPA Helmholtz Center for Information Security,02njgxr09,Helmholtz Center for Information Security,Saarbrücken,49.23262,7.00982,1.00,0.93,0,,,,auto
de-rwth-aachen-university,csrankings,RWTH Aachen University,de,,https://www.informatik.rwth-aachen.de/,54,RWTH Aachen University,04xfq0f34,RWTH Aachen University,Aachen,50.77664,6.08342,1.00,1.00,0,,,,auto
de-tu-dresden,csrankings,TU Dresden,de,,https://tu-dresden.de/ing/informatik,54,TU Dresden,042aqky30,Technische Universität Dresden,Dresden,51.05089,13.73832,1.00,1.00,1,,,,auto
dk-aalborg-university,csrankings,Aalborg University,dk,,https://www.cs.aau.dk/,54,Aalborg University,04m5j1k67,Aalborg University,Aalborg,57.048,9.9187,1.00,1.00,1,,,,auto
cz-masaryk-university,csrankings,Masaryk University,cz,,https://www.muni.cz,53,Masaryk University,02j46qs45,Masaryk University,Brno,49.19522,16.60796,1.00,1.00,1,,,,auto
gb-university-of-surrey,csrankings,University of Surrey,gb,,https://www.surrey.ac.uk,53,University of Surrey,00ks66431,University of Surrey,Guildford,51.23536,-0.57427,1.00,1.00,1,,,,auto
es-university-of-murcia,csrankings,University of Murcia,es,,https://webs.um.es,52,University of Murcia,03p3aeb86,Universidad de Murcia,Murcia,37.98704,-1.13004,1.00,1.00,1,,,,auto
de-tu-darmstadt,csrankings,TU Darmstadt,de,,https://www.informatik.tu-darmstadt.de/,50,TU Darmstadt,05n911h24,Technische Universität Darmstadt,Darmstadt,49.87167,8.65027,1.00,1.00,1,,,,auto
gb-open-university-uk,csrankings,Open University UK,gb,,https://stem.open.ac.uk,50,Open University UK,05mzfcs16,The Open University,Milton Keynes,52.04172,-0.75583,1.00,0.81,1,,,,auto
de-lmu-munich,csrankings,LMU Munich,de,,https://www.ifi.lmu.de/,49,LMU Munich,05591te55,Ludwig-Maximilians-Universität München,Munich,48.13743,11.57549,0.95,0.86,1,,,,auto
de-university-of-t-bingen,csrankings,University of Tübingen,de,,https://uni-tuebingen.de/en/faculties/faculty-of-science/departments/computer-science/department/,49,University of Tübingen,03a1kwz48,University of Tübingen,Tübingen,48.52266,9.05222,1.00,1.00,0,,,,auto
gb-middlesex-university,csrankings,Middlesex University,gb,,https://www.mdx.ac.uk,49,Middlesex University,01rv4p989,Middlesex University,London,51.50853,-0.12574,1.00,1.00,1,,,,auto
gr-university-of-athens,csrankings,University of Athens,gr,,https://cgi.di.uoa.gr,49,University of Athens,04gnjpq42,National and Kapodistrian University of Athens,Athens,37.98376,23.72784,1.00,1.00,1,,,,auto
gb-city-university-of-london,csrankings,City University of London,gb,,https://www.city.ac.uk/about/schools/science-technology/computer-science,48,City University of London,047ybhc09,"City St George's, University of London",London,51.50853,-0.12574,1.00,1.00,0,,,,auto
at-ist-austria,csrankings,IST Austria,at,,https://ist.ac.at/en/research/,47,IST Austria,03gnh5541,Institute of Science and Technology Austria,Klosterneuburg,48.30521,16.32522,1.00,1.00,0,,,,auto
gb-goldsmiths-university-of-london,csrankings,Goldsmiths University of London,gb,,https://www.gold.ac.uk/computing/,47,Goldsmiths University of London,01khx4a30,Goldsmiths University of London,London,51.50853,-0.12574,1.00,1.00,1,,,,auto
gb-university-of-st-andrews,csrankings,University of St Andrews,gb,,https://www.st-andrews.ac.uk/computer-science/,46,University of St Andrews,02wn5qz54,University of St Andrews,St Andrews,56.33871,-2.79902,1.00,1.00,0,,,,auto
de-saarland-university,csrankings,Saarland University,de,,https://www.uni-saarland.de/en/department/computer-science.html,45,Saarland University,01jdpyv68,Saarland University,Saarbrücken,49.23262,7.00982,1.00,1.00,0,,,,auto
de-university-of-l-beck,csrankings,University of Lübeck,de,,https://www.imis.uni-luebeck.de,45,University of Lübeck,00t3r8h32,University of Lübeck,Lübeck,53.86893,10.68729,1.00,1.00,0,,,,auto
fi-tampere-university,csrankings,Tampere University,fi,,https://www.tuni.fi,45,Tampere University,033003e23,Tampere University,Tampere,61.49911,23.78712,1.00,1.00,0,,,,auto
nl-cwi,csrankings,CWI,nl,,https://www.cwi.nl/en/,45,Centrum Wiskunde & Informatica,00x7ekv49,Centrum Wiskunde & Informatica,Amsterdam,52.37403,4.88969,1.00,1.00,1,,,,auto
no-ntnu,csrankings,NTNU,no,,https://www.ntnu.edu/idi,44,Norwegian University of Science and Technology,05xg72x27,Norwegian University of Science and Technology,Trondheim,63.43049,10.39506,1.00,1.00,0,,,,auto
de-university-of-stuttgart,csrankings,University of Stuttgart,de,,https://www.f05.uni-stuttgart.de/en/cs/,43,University of Stuttgart,04vnq7t77,University of Stuttgart,Stuttgart,48.78232,9.17702,1.00,1.00,0,,,,auto
it-university-of-trento,csrankings,University of Trento,it,,https://disi.unitn.it,43,University of Trento,05trd4x28,University of Trento,Trento,46.06787,11.12108,1.00,1.00,1,,,,auto
cz-charles-university,csrankings,Charles University,cz,,https://cs.mff.cuni.cz/en,41,Charles University,024d6js02,Charles University,Prague,50.08804,14.42076,1.00,1.00,1,,,,auto
de-ruhr-university-bochum,csrankings,Ruhr-University Bochum,de,,https://www.ini.rub.de,41,Ruhr-University Bochum,04tsk2644,Ruhr University Bochum,Bochum,51.48165,7.21648,0.95,0.95,0,,,,auto
de-university-of-hamburg,csrankings,University of Hamburg,de,,https://www.inf.uni-hamburg.de/en.html,41,University of Hamburg,00g30e956,Universität Hamburg,Hamburg,53.55073,9.99302,1.00,1.00,0,,,,auto
nl-leiden-university,csrankings,Leiden University,nl,,https://liacs.leidenuniv.nl/,41,Leiden University,027bh9e22,Leiden University,Leiden,52.15833,4.49306,1.00,1.00,0,,,,auto
it-univ-of-modena-and-reggio-emilia,csrankings,Univ. of Modena and Reggio Emilia,it,,https://personale.unimore.it,40,Univ. of Modena and Reggio Emilia,02d4c4y02,University of Modena and Reggio Emilia,Modena,44.64783,10.92539,0.86,0.90,1,,,,auto
at-jku-linz,csrankings,JKU Linz,at,,https://informatik.jku.at/,39,Johannes Kepler University Linz,052r2xn60,Johannes Kepler University of Linz,Linz,48.30639,14.28611,0.94,0.95,1,,,Matched Sigmund Freud Privatuniversität,auto
de-tu-kaiserslautern,csrankings,TU Kaiserslautern,de,,https://anthonywlin.github.io,39,Rheinland-Pfälzische Technische Universität Kaiserslautern-Landau,01qrts582,Rheinland-Pfälzische Technische Universität Kaiserslautern-Landau,Landau,49.19844,8.11692,1.00,1.00,0,,,"Matched the Hochschule Kaiserslautern, a different institution in the same city",auto
gb-durham-university,csrankings,Durham University,gb,,https://www.durham.ac.uk/departments/academic/computer-science/,39,Durham University,01v29qb04,Durham University,Durham,54.77676,-1.57566,1.00,1.00,0,,,,auto
no-university-of-bergen,csrankings,University of Bergen,no,,https://www.ii.uib.no,39,University of Bergen,03zga2b32,University of Bergen,Bergen,60.39299,5.32415,1.00,1.00,0,,,,auto
pt-universidade-nova-de-lisboa,csrankings,Universidade NOVA de Lisboa,pt,,https://userweb.fct.unl.pt,39,Universidade NOVA de Lisboa,02xankh89,Universidade Nova de Lisboa,Lisbon,38.72509,-9.1498,1.00,1.00,1,,,,auto
de-heidelberg-university,csrankings,Heidelberg University,de,,https://www.informatik.uni-heidelberg.de/,38,Heidelberg University,038t36y30,Heidelberg University,Heidelberg,49.40768,8.69079,1.00,1.00,1,,,,auto
de-tu-dortmund,csrankings,TU Dortmund,de,,https://ls4-www.cs.tu-dortmund.de,37,TU Dortmund,01k97gp34,TU Dortmund University,Dortmund,51.51494,7.466,1.00,1.00,0,,,,auto
fi-university-of-helsinki,csrankings,University of Helsinki,fi,,https://www.helsinki.fi/en/faculty-science/faculty/computer-science,37,University of Helsinki,040af2s02,University of Helsinki,Helsinki,60.16952,24.93545,1.00,1.00,1,,,,auto
at-university-of-klagenfurt,csrankings,University of Klagenfurt,at,,https://www.aau.at/en/tewi/,36,University of Klagenfurt,05q9m0937,University of Klagenfurt,Klagenfurt,46.62472,14.30528,1.00,1.00,1,,,,auto
fr-eurecom,csrankings,EURECOM,fr,,https://www.eurecom.fr,36,EURECOM,00sse7z02,EURECOM,Valbonne,43.63292,6.99911,1.00,1.00,1,,,,auto
fr-universit-jean-monnet,csrankings,Université Jean Monnet,fr,,https://perso.univ-st-etienne.fr,36,Université Jean Monnet,030bahv93,Université Jean Monnet,Saint-Etienne,45.43389,4.39,1.00,1.00,1,,,,auto
gr-aueb,csrankings,AUEB,gr,,https://www.dept.aueb.gr/en/cs,36,Athens University of Economics and Business,03s262162,Athens University of Economics and Business,Athens,37.98376,23.72784,1.00,1.00,1,,,,auto
fr-ecole-normale-superieure,csrankings,Ecole Normale Superieure,fr,,https://www.di.ens.fr/,35,Ecole Normale Superieure,05a0dhs15,École Normale Supérieure - PSL,Paris,48.85341,2.3488,1.00,0.89,0,,,,auto
nl-maastricht-university,csrankings,Maastricht University,nl,,https://dke.maastrichtuniversity.nl,35,Maastricht University,02jz4aj89,Maastricht University,Maastricht,50.84833,5.68889,1.00,1.00,1,,,,auto
at-university-of-vienna,csrankings,University of Vienna,at,,https://informatik.univie.ac.at/en/,34,University of Vienna,03prydq77,University of Vienna,Vienna,48.20849,16.37208,1.00,1.00,1,,,,auto
no-uit-the-arctic-univ-of-norway,csrankings,UiT The Arctic Univ. of Norway,no,,https://uit.no,34,UiT The Arctic University of Norway,00wge5k78,UiT The Arctic University of Norway,Tromsø,69.6489,18.95508,1.00,1.00,1,,,,auto
ch-universit-della-svizzera-italiana,csrankings,Università della Svizzera italiana,ch,,https://search.usi.ch,33,Università della Svizzera italiana,03c4atk17,Università della Svizzera italiana,Lugano,46.01008,8.96004,1.00,1.00,0,,,,auto
de-hasso-plattner-institute,csrankings,Hasso Plattner Institute,de,,https://hpi.de,33,Hasso Plattner Institute,058rn5r42,Hasso Plattner Institute,Potsdam,52.39886,13.06566,1.00,1.00,0,,,,auto
fr-universit-paris-dauphine,csrankings,Université Paris Dauphine,fr,,https://www.lamsade.dauphine.fr,33,Université Paris Dauphine,052bz7812,Université Paris Dauphine-PSL,Paris,48.85341,2.3488,0.92,0.96,0,,,,auto
gb-loughborough-university,csrankings,Loughborough University,gb,,https://www.lboro.ac.uk,33,Loughborough University,04vg4w365,Loughborough University,Loughborough,52.76667,-1.2,1.00,1.00,1,,,,auto
gb-university-of-strathclyde,csrankings,University of Strathclyde,gb,,https://pureportal.strath.ac.uk,33,University of Strathclyde,00n3w3b69,University of Strathclyde,Glasgow,55.86515,-4.25763,1.00,1.00,1,,,,auto
gr-university-of-crete,csrankings,University of Crete,gr,,https://www.csd.uoc.gr,33,University of Crete,00dr28g20,University of Crete,Rethymno,35.36555,24.48232,1.00,1.00,1,,,,auto
pl-university-of-wroclaw,csrankings,University of Wroclaw,pl,,https://www.ii.uni.wroc.pl,33,University of Wroclaw,00yae6e25,University of Wrocław,Wroclaw,51.1,17.03333,1.00,0.95,0,,,,auto
cz-czech-technical-university,csrankings,Czech Technical University,cz,,https://cmp.felk.cvut.cz,32,Czech Technical University in Prague,03kqpb082,Czech Technical University in Prague,Prague,50.08804,14.42076,1.00,1.00,1,,,,auto
de-university-of-erlangen-nuremberg,csrankings,University of Erlangen–Nuremberg,de,,https://lme.tf.fau.de,32,University of Erlangen–Nuremberg,00f7hpc57,Friedrich-Alexander-Universität Erlangen-Nürnberg,Erlangen,49.59099,11.00783,1.00,0.97,1,,,,auto
de-university-of-siegen,csrankings,University of Siegen,de,,https://www.eti.uni-siegen.de,32,University of Siegen,02azyry73,University of Siegen,Siegen,50.87481,8.02431,1.00,1.00,1,,,,auto
gb-birkbeck-university-of-london,csrankings,Birkbeck University of London,gb,,https://www.dcs.bbk.ac.uk,32,Birkbeck University of London,02mb95055,"Birkbeck, University of London",London,51.50853,-0.12574,0.97,0.98,1,,,,auto
gb-university-of-sussex,csrankings,University of Sussex,gb,,https://www.sussex.ac.uk,32,University of Sussex,00ayhx656,University of Sussex,Brighton,50.82838,-0.13947,1.00,1.00,1,,,,auto
de-university-of-w-rzburg,csrankings,University of Würzburg,de,,https://www.informatik.uni-wuerzburg.de,30,University of Würzburg,00fbnyb24,University of Würzburg,Würzburg,49.79391,9.95121,1.00,1.00,0,,,,auto
nl-university-of-groningen,csrankings,University of Groningen,nl,,https://www.rug.nl,30,University of Groningen,012p63287,University of Groningen,Groningen,53.21917,6.56667,1.00,1.00,1,,,,auto
de-university-of-g-ttingen,csrankings,University of Göttingen,de,,https://www.uni-goettingen.de/en/institute+of+computer+science/619480.html,29,University of Göttingen,01y9bpm73,University of Göttingen,Göttingen,51.53443,9.93228,1.00,1.00,0,,,,auto
gb-university-of-aberdeen,csrankings,University of Aberdeen,gb,,https://www.abdn.ac.uk,29,University of Aberdeen,016476m91,University of Aberdeen,Aberdeen,57.14369,-2.09814,1.00,1.00,1,,,,auto
gr-university-of-ioannina,csrankings,University of Ioannina,gr,,https://cs.uoi.gr,29,University of Ioannina,01qg3j183,University of Ioannina,Ioannina,39.66486,20.85189,1.00,1.00,1,,,,auto
pl-ipi-pan,csrankings,IPI PAN,pl,,https://ipipan.waw.pl,29,Instytut Podstaw Informatyki Polskiej Akademii Nauk,017fyx225,Institute of Art,Warsaw,52.22977,21.01178,0.83,0.81,0,pl-university-of-warsaw,coords borrowed from pl-university-of-warsaw,"ROR identity unresolved (best match is ""Institute of Art""); city Warsaw is correct, coordinates anchored",auto
fr-ecole-normale-superieure-de-cachan,csrankings,Ecole Normale Superieure de Cachan,fr,,https://www.lsv.ens-cachan.fr,28,Ecole Normale Superieure de Cachan,04zmssz18,École Normale Supérieure de Lyon,Lyon,45.74906,4.84789,0.93,0.88,0,,,,auto
gb-university-of-exeter,csrankings,University of Exeter,gb,,https://computerscience.exeter.ac.uk/,28,University of Exeter,03yghzc09,University of Exeter,Exeter,50.7236,-3.52751,1.00,1.00,1,,,,auto
lu-university-of-luxembourg,csrankings,University of Luxembourg,lu,,https://wwwen.uni.lu,28,University of Luxembourg,036x5ad56,University of Luxembourg,Luxembourg,49.60982,6.13268,1.00,1.00,1,,,,auto
be-universit-libre-de-bruxelles,csrankings,Université libre de Bruxelles,be,,https://www.ulb.ac.be,27,Université libre de Bruxelles,01r9htc13,Université Libre de Bruxelles,Brussels,50.85045,4.34878,1.00,1.00,0,,,,auto
cz-brno-university-of-technology,csrankings,Brno University of Technology,cz,,https://www.fit.vut.cz,27,Brno University of Technology,03613d656,Brno University of Technology,Brno,49.19522,16.60796,1.00,1.00,0,,,,auto
de-university-of-magdeburg,csrankings,University of Magdeburg,de,,https://isgwww.cs.uni-magdeburg.de,27,Otto von Guericke University Magdeburg,00ggpsq73,Otto-von-Guericke-Universität Magdeburg,Magdeburg,52.12773,11.62916,1.00,1.00,0,,,,auto
de-university-of-oldenburg,csrankings,University of Oldenburg,de,,https://uol.de,27,University of Oldenburg,033n9gh91,Carl von Ossietzky Universität Oldenburg,Oldenburg,53.14118,8.21467,1.00,1.00,0,,,,auto
es-imdea-software-institute,csrankings,IMDEA Software Institute,es,,https://software.imdea.org,27,IMDEA Software Institute,04xvfkh51,IMDEA Software Institute,Pozuelo de Alarcón,40.43293,-3.81338,1.00,1.00,1,,,,auto
ch-university-of-zurich,csrankings,University of Zurich,ch,,https://www.ifi.uzh.ch/en.html,26,University of Zurich,02crff812,University of Zurich,Zurich,47.36667,8.55,1.00,1.00,1,,,,auto
de-bundeswehr-university-munich,csrankings,Bundeswehr University Munich,de,,https://www.unibw.de/home-en/departments/department-of-computer-science,26,Universität der Bundeswehr München,05kkv3f82,Universität der Bundeswehr München,Munich,48.13743,11.57549,1.00,1.00,1,,,,auto
de-university-of-augsburg,csrankings,University of Augsburg,de,,https://www.uni-augsburg.de,26,University of Augsburg,03p14d497,University of Augsburg,Augsburg,48.37154,10.89851,1.00,1.00,1,,,,auto
de-university-of-bonn,csrankings,University of Bonn,de,,https://www.informatik.uni-bonn.de/en,26,University of Bonn,041nas322,University of Bonn,Bonn,50.73438,7.09549,1.00,1.00,1,,,,auto
gb-aberystwyth-university,csrankings,Aberystwyth University,gb,,https://www.aber.ac.uk/en/cs/,26,Aberystwyth University,015m2p889,Aberystwyth University,Aberystwyth,52.41548,-4.08292,1.00,1.00,1,,,,auto
it-university-of-catania,csrankings,University of Catania,it,,https://www.dmi.unict.it,26,University of Catania,03a64bh57,University of Catania,Catania,37.49223,15.07041,1.00,1.00,1,,,,auto
de-university-of-hannover,csrankings,University of Hannover,de,,https://www.tnt.uni-hannover.de,25,Leibniz University Hannover,0304hq317,Leibniz University Hannover,Hanover,52.37052,9.73322,1.00,1.00,0,,,,auto
de-goethe-university-frankfurt,csrankings,Goethe University Frankfurt,de,,https://www.goethe-university-frankfurt.de/106076806/Institute_of_Computer_Science,24,Goethe University Frankfurt,04cvxnb49,Goethe University Frankfurt,Frankfurt am Main,50.11552,8.68417,1.00,1.00,0,,,,auto
de-university-of-duisburg-essen,csrankings,University of Duisburg-Essen,de,,https://www.uni-due.de,24,University of Duisburg-Essen,04mz5ra38,University of Duisburg-Essen,Essen,51.45657,7.01228,1.00,1.00,1,,,,auto
de-university-of-regensburg,csrankings,University of Regensburg,de,,https://www.uni-regensburg.de/en/informatics-data-science,24,University of Regensburg,01eezs655,University of Regensburg,Regensburg,49.01513,12.10161,1.00,1.00,1,,,,auto
de-university-of-m-nster,csrankings,University of Münster,de,,https://www.uni-muenster.de,23,University of Münster,00pd74e08,University of Münster,Münster,51.96236,7.62571,1.00,1.00,0,,,,auto
fr-inria,csrankings,INRIA,fr,,https://cambium.inria.fr,23,Institut National de Recherche en Informatique et en Automatique,02kvxyf05,Institut national de recherche en sciences et technologies du numérique,Le Chesnay-Rocquencourt,48.8205,2.1311,1.00,1.00,1,,,National body across nine centres; members need per-person centre resolution,auto
it-bocconi-university,csrankings,Bocconi University,it,,https://cs.unibocconi.eu,23,Bocconi University,05crjpb27,Bocconi University,Milan,45.46427,9.18951,1.00,1.00,0,,,,auto
se-m-lardalen-university,csrankings,Mälardalen University,se,,https://www.es.mdh.se,23,Mälardalen University,033vfbz75,Mälardalen University,Västerås,59.61617,16.55276,1.00,1.00,1,,,,auto
at-university-of-salzburg,csrankings,University of Salzburg,at,,https://www.cosy.sbg.ac.at,22,University of Salzburg,05gs8cd61,University of Salzburg,Salzburg,47.79941,13.04399,1.00,1.00,0,,,,auto
de-university-of-koblenz-landau,csrankings,University of Koblenz-Landau,de,,https://www.uni-koblenz.de/en/computer-science,22,University of Koblenz-Landau,0433e6t24,Universität Koblenz,Koblenz,50.35357,7.57883,1.00,0.86,1,,,,auto
de-university-of-ulm,csrankings,University of Ulm,de,,https://www.uni-ulm.de,21,University of Ulm,032000t02,Universität Ulm,Ulm,48.39841,9.99155,1.00,1.00,1,,,,auto
gb-university-of-dundee,csrankings,University of Dundee,gb,,https://www.computing.dundee.ac.uk,21,University of Dundee,03h2bxq36,University of Dundee,Dundee,56.46913,-2.97489,1.00,1.00,1,,,,auto
nl-tilburg-university,csrankings,Tilburg University,nl,,https://www.tilburguniversity.edu/about/schools/tshd/departments/dca,21,Tilburg University,04b8v1s79,Tilburg University,Tilburg,51.55551,5.0913,1.00,1.00,1,,,,auto
de-friedrich-schiller-university-jena,csrankings,Friedrich Schiller University Jena,de,,https://www.fmi.uni-jena.de,20,Friedrich Schiller University Jena,05qpz1x62,Friedrich Schiller University Jena,Jena,50.92878,11.5899,1.00,1.00,0,,,,auto
de-humboldt-university-of-berlin,csrankings,Humboldt University of Berlin,de,,https://www.informatik.hu-berlin.de/en,20,Humboldt University of Berlin,01hcx6992,Humboldt-Universität zu Berlin,Berlin,52.52437,13.41053,0.88,0.85,0,,,,auto
de-paderborn-university,csrankings,Paderborn University,de,,https://cs.uni-paderborn.de,20,Paderborn University,058kzsd48,Paderborn University,Paderborn,51.71905,8.75439,1.00,1.00,0,,,,auto
de-university-of-freiburg,csrankings,University of Freiburg,de,,https://www.informatik.uni-freiburg.de/,20,University of Freiburg,0245cg223,University of Freiburg,Freiburg im Breisgau,47.9959,7.85222,1.00,1.00,0,,,,auto
de-university-of-kiel,csrankings,University of Kiel,de,,https://www.zs.informatik.uni-kiel.de,20,Kiel University,04v76ef78,Christian-Albrechts-Universität zu Kiel,Kiel,54.32133,10.13489,1.00,1.00,1,,,,auto
de-university-of-leipzig,csrankings,University of Leipzig,de,,https://www.informatik.uni-leipzig.de,20,University of Leipzig,03s7gtk40,Leipzig University,Leipzig,51.33962,12.37129,1.00,1.00,0,,,,auto
de-freie-universitaet-berlin,csrankings,Freie Universitaet Berlin,de,,https://www.mi.fu-berlin.de/en/inf/,19,Freie Universitaet Berlin,046ak2485,Freie Universität Berlin,Berlin,52.52437,13.41053,0.96,0.98,0,,,,auto
de-hamburg-university-of-technology,csrankings,Hamburg University of Technology,de,,https://www.tuhh.de/tuhh/en/schools/electrical-engineering-computer-science-and-mathematics,19,Hamburg University of Technology,04bs1pb34,Hamburg University of Technology,Hamburg,53.55073,9.99302,1.00,1.00,1,,,,auto
de-tu-braunschweig,csrankings,TU Braunschweig,de,,https://www.ibr.cs.tu-bs.de,19,TU Braunschweig,010nsgg66,Technische Universität Braunschweig,Braunschweig,52.26594,10.52673,1.00,1.00,0,,,,auto
de-university-of-bremen,csrankings,University of Bremen,de,,https://www.informatik.uni-bremen.de,19,University of Bremen,04ers2y35,University of Bremen,Bremen,53.07582,8.80717,1.00,1.00,0,,,,auto
de-university-of-rostock,csrankings,University of Rostock,de,,https://vcg.informatik.uni-rostock.de,19,University of Rostock,03zdwsf69,University of Rostock,Rostock,54.0887,12.14049,1.00,1.00,0,,,,auto
de-university-of-wuppertal,csrankings,University of Wuppertal,de,,https://www-num.math.uni-wuppertal.de,19,University of Wuppertal,00613ak93,University of Wuppertal,Wuppertal,51.25627,7.14816,1.00,1.00,1,,,,auto
it-university-of-padova,csrankings,University of Padova,it,,https://www.math.unipd.it,19,University of Padova,00240q980,University of Padua,Padua,45.40797,11.88586,1.00,1.00,1,,,,auto
at-university-of-innsbruck,csrankings,University of Innsbruck,at,,https://www.uibk.ac.at/en/informatik/,18,University of Innsbruck,054pv6659,Universität Innsbruck,Innsbruck,47.26266,11.39454,1.00,1.00,1,,,,auto
de-tu-ilmenau,csrankings,TU Ilmenau,de,,https://www.tu-ilmenau.de,18,TU Ilmenau,01weqhp73,Technische Universität Ilmenau,Ilmenau,50.68322,10.91858,1.00,1.00,1,,,,auto
de-university-of-bayreuth,csrankings,University of Bayreuth,de,,https://www.ai2.uni-bayreuth.de,18,University of Bayreuth,0234wmv40,University of Bayreuth,Bayreuth,49.94782,11.57893,1.00,1.00,0,,,,auto
it-university-of-sannio,csrankings,University of Sannio,it,,https://www.unisannio.it,18,University of Sannio,04vc81p87,University of Sannio,Benevento,41.1307,14.77816,1.00,1.00,1,,,,auto
cy-cyprus-university-of-technology,csrankings,Cyprus University of Technology,cy,,https://www.cut.ac.cy/faculties/fet/eecei/,17,Cyprus University of Technology,05qt8tf94,Cyprus University of Technology,Limassol,34.68406,33.03794,1.00,1.00,1,,,,auto
de-university-of-bamberg,csrankings,University of Bamberg,de,,https://www.uni-bamberg.de,17,University of Bamberg,01c1w6d29,University of Bamberg,Bamberg,49.89873,10.90067,1.00,1.00,0,,,,auto
es-imdea-networks-institute,csrankings,IMDEA Networks Institute,es,,https://networks.imdea.org,17,IMDEA Networks,04mm9fg30,IMDEA Networks,Leganés,40.32718,-3.7635,1.00,1.00,0,,,,auto
it-university-of-cagliari,csrankings,University of Cagliari,it,,https://web.unica.it/unica/en/dip_matinfo.page,17,University of Cagliari,003109y17,University of Cagliari,Cagliari,39.23054,9.11917,1.00,1.00,0,,,,auto
be-university-of-antwerp,csrankings,University of Antwerp,be,,https://www.uantwerpen.be,16,University of Antwerp,008x57b05,University of Antwerp,Antwerp,51.22047,4.40026,1.00,1.00,0,,,,auto
de-bielefeld-university,csrankings,Bielefeld University,de,,https://www.uni-bielefeld.de/fakultaeten/technische-fakultaet/,16,Bielefeld University,02hpadn98,Bielefeld University,Bielefeld,52.03333,8.53333,1.00,1.00,1,,,,auto
de-tu-chemnitz,csrankings,TU Chemnitz,de,,https://www.tu-chemnitz.de,16,TU Chemnitz,00a208s56,Chemnitz University of Technology,Chemnitz,50.8357,12.92922,1.00,1.00,0,,,,auto
de-university-of-konstanz,csrankings,University of Konstanz,de,,https://www.informatik.uni-konstanz.de/en/,16,University of Konstanz,0546hnb39,University of Konstanz,Konstanz,47.66033,9.17582,1.00,1.00,1,,,,auto
de-university-of-passau,csrankings,University of Passau,de,,https://www.fim.uni-passau.de,16,University of Passau,05ydjnb78,University of Passau,Passau,48.5665,13.43122,1.00,1.00,0,,,,auto
cy-university-of-nicosia,csrankings,University of Nicosia,cy,,https://www.unic.ac.cy,15,University of Nicosia,04v18t651,University of Nicosia,Nicosia,35.17531,33.3642,1.00,1.00,1,,,,auto
es-universidad-rey-juan-carlos,csrankings,Universidad Rey Juan Carlos,es,,https://www.tsc.urjc.es,15,Universidad Rey Juan Carlos,01v5cv687,Universidad Rey Juan Carlos,Madrid,40.4165,-3.70256,1.00,1.00,1,,,,auto
hu-university-of-szeged,csrankings,University of Szeged,hu,,https://www.inf.u-szeged.hu,15,University of Szeged,01pnej532,University of Szeged,Szeged,46.253,20.14824,1.00,1.00,0,,,,auto
it-gssi,csrankings,GSSI,it,,https://cs.gssi.it,15,Gran Sasso Science Institute,043qcb444,Gran Sasso Science Institute,L’Aquila,42.35055,13.39954,1.00,1.00,1,,,,auto
de-tu-clausthal,csrankings,TU Clausthal,de,,https://www.isse.tu-clausthal.de,14,TU Clausthal,04qb8nc58,Clausthal University of Technology,Clausthal-Zellerfeld,51.80949,10.33821,1.00,1.00,1,,,,auto
de-university-of-kassel,csrankings,University of Kassel,de,,https://www.uni-kassel.de/eecs/en,14,University of Kassel,04zc7p361,University of Kassel,Kassel,51.31667,9.5,1.00,1.00,1,,,,auto
de-university-of-potsdam,csrankings,University of Potsdam,de,,https://www.uni-potsdam.de/en/cs,14,University of Potsdam,03bnmw459,University of Potsdam,Potsdam,52.39886,13.06566,1.00,1.00,0,,,,auto
ie-maynooth-university,csrankings,Maynooth University,ie,,https://www.maynoothuniversity.ie/computer-science,14,Maynooth University,048nfjm95,"National University of Ireland, Maynooth",Maynooth,53.385,-6.59361,1.00,1.00,0,,,,auto
se-lund-university,csrankings,Lund University,se,,https://cs.lth.se,14,Lund University,012a77v79,Lund University,Lund,55.70584,13.19321,1.00,1.00,0,,,,auto
se-malm-university,csrankings,Malmö University,se,,https://mau.se,14,Malmö University,05wp7an13,Malmö University,Malmo,55.60587,13.00073,1.00,1.00,1,,,,auto
de-thws,csrankings,THWS,de,,https://fiw.thws.de,13,Technische Hochschule Würzburg-Schweinfurt,01k5h5v15,Technical University of Applied Sciences Würzburg-Schweinfurt,Würzburg,49.79391,9.95121,1.00,1.00,0,,,,auto
de-university-of-d-sseldorf,csrankings,University of Düsseldorf,de,,https://www.cs.hhu.de,13,Heinrich Heine University Düsseldorf,024z2rq82,Heinrich Heine University Düsseldorf,Düsseldorf,51.22172,6.77616,1.00,1.00,0,,,,auto
de-brandenburg-univ-of-technology,csrankings,Brandenburg Univ. of Technology,de,,https://www.b-tu.de/en/institut-fuer-informatik,12,Brandenburg University of Technology Cottbus-Senftenberg,02wxx3e24,Brandenburg University of Technology Cottbus-Senftenberg,Senftenberg,51.52517,14.00164,1.00,1.00,1,,,,auto
mt-university-of-malta,csrankings,University of Malta,mt,,https://www.um.edu.mt/ict/cs/,12,University of Malta,03a62bv60,University of Malta,Msida,35.8925,14.48278,1.00,1.00,1,,,,auto
de-bauhaus-university-weimar,csrankings,Bauhaus University Weimar,de,,https://www.uni-weimar.de/en/media/structure/computer-science-department,11,Bauhaus University Weimar,033bb5z47,Bauhaus-Universität Weimar,Weimar,50.9803,11.32903,1.00,1.00,0,,,,auto
de-university-of-marburg,csrankings,University of Marburg,de,,https://www.uni-marburg.de/en/fb12,11,Philipps-Universität Marburg,01rdrb571,Philipps University of Marburg,Marburg,50.80904,8.77069,1.00,1.00,1,,,Matched Wismar University of Applied Sciences 450 km away,auto
de-university-of-osnabr-ck,csrankings,University of Osnabrück,de,,https://www.informatik.uni-osnabrueck.de,11,Osnabrück University,04qmmjx98,Osnabrück University,Osnabrück,52.27264,8.0498,1.00,1.00,0,,,,auto
ch-university-of-fribourg,csrankings,University of Fribourg,ch,,https://www.unifr.ch,10,University of Fribourg,022fs9h90,University of Fribourg,Fribourg,46.80237,7.15128,1.00,1.00,1,,,,auto
de-university-of-mannheim,csrankings,University of Mannheim,de,,https://www.wim.uni-mannheim.de/en/,10,Universität Mannheim,03nt4av35,Stadt Mannheim,Mannheim,49.4891,8.46694,0.93,0.76,1,,,ROR identity unresolved (best match is the city government); city Mannheim is correct so the coordinate stands,auto
de-university-of-trier,csrankings,University of Trier,de,,https://www.uni-trier.de,10,University of Trier,02778hg05,Universität Trier,Trier,49.75565,6.63935,1.00,1.00,0,,,,auto
lv-university-of-latvia,csrankings,University of Latvia,lv,,https://www.lu.lv/en/about-us/structure/institutes/ul-institute-of-mathematics-and-computer-science/,10,University of Latvia,05g3mes96,University of Latvia,Riga,56.946,24.10589,1.00,1.00,0,,,,auto
sk-kempelen-institute-kinit,csrankings,Kempelen Institute - KInIT,sk,,https://kinit.sk,9,Kempelen Institute of Intelligent Technologies,02j78kr76,Kempelen Institute of Intelligent Technologies,Bratislava,48.14816,17.10674,1.00,1.00,1,,,,auto
ch-university-of-basel,csrankings,University of Basel,ch,,https://dmi.unibas.ch,8,University of Basel,02s6k3f65,University of Basel,Basel,47.55839,7.57327,1.00,1.00,1,,,,auto
de-university-of-halle-wittenberg,csrankings,University of Halle-Wittenberg,de,,https://www.informatik.uni-halle.de,8,Martin Luther University Halle-Wittenberg,05gqaka33,Martin Luther University Halle-Wittenberg,Halle,51.48158,11.97947,1.00,1.00,0,,,,auto
de-university-of-mainz,csrankings,University of Mainz,de,,https://www.cs.uni-mainz.de,8,University of Mainz,031bsb921,University of Mannheim,Mannheim,49.4891,8.46694,0.94,0.83,0,,,,auto
es-universidad-de-zaragoza,csrankings,Universidad de Zaragoza,es,,https://webdiis.unizar.es,8,Universidad de Zaragoza,012a91z28,Universidad de Zaragoza,Zaragoza,41.65606,-0.87734,1.00,1.00,1,,,,auto
it-university-of-molise,csrankings,University of Molise,it,,https://docenti.unimol.it,8,University of Molise,04z08z627,University of Molise,Campobasso,41.55947,14.66737,1.00,1.00,0,,,,auto
de-jacobs-university-bremen,csrankings,Jacobs University Bremen,de,,https://constructor.university/research/school-of-computer-science-and-engineering,7,Jacobs University Bremen,02yrs2n53,Constructor University,Bremen,53.07582,8.80717,1.00,1.00,1,,,,auto
it-scuola-superiore-sant-anna,csrankings,Scuola Superiore Sant'Anna,it,,https://retis.sssup.it,7,Scuola Superiore Sant'Anna,025602r80,Scuola Superiore Sant'Anna,Pisa,43.70853,10.4036,1.00,1.00,0,,,,auto
it-university-of-l-aquila,csrankings,University of L'Aquila,it,,https://www.disim.univaq.it/,7,University of L'Aquila,01j9p1r26,University of L'Aquila,L’Aquila,42.35055,13.39954,1.00,1.00,1,,,,auto
ro-babe-bolyai-university,csrankings,Babeș-Bolyai University,ro,,https://www.cs.ubbcluj.ro,7,Babeș-Bolyai University,02rmd1t30,Babeș-Bolyai University,Cluj-Napoca,46.76667,23.6,1.00,1.00,1,,,,auto
bg-insait,csrankings,INSAIT,bg,,https://insait.ai,6,INSAIT,,,Sofia,42.69751,23.32415,,,,bg-su,coords borrowed from bg-su,"Founded 2022; not in ROR. Anchored to Sofia University, its host campus",anchored
ch-university-of-bern,csrankings,University of Bern,ch,,https://www.iam.unibe.ch,6,University of Bern,02k7v4d05,University of Bern,Bern,46.94809,7.44744,1.00,1.00,1,,,,auto
de-tu-freiberg,csrankings,TU Freiberg,de,,https://tu-freiberg.de,6,TU Bergakademie Freiberg,031vc2293,TU Bergakademie Freiberg,Freiberg,50.91089,13.33881,1.00,1.00,0,,,,auto
ee-tallinn-university-of-technology,csrankings,Tallinn University of Technology,ee,,https://taltech.ee/en/school-of-information-technologies,6,Tallinn University of Technology,0443cwa12,Tallinn University of Technology,Tallinn,59.43696,24.75353,1.00,1.00,1,,,,auto
de-university-of-cologne,csrankings,University of Cologne,de,,https://cs.uni-koeln.de,5,University of Cologne,00rcxh774,University of Cologne,Cologne,50.93333,6.95,1.00,1.00,0,,,,auto
fr-ecole-normale-superieure-de-rennes,csrankings,Ecole Normale Superieure de Rennes,fr,,http://www.ens-rennes.fr/research-in-computer-sciences-and-telecommunications-157088.kjsp,5,Ecole Normale Superieure de Rennes,03rxtdc22,École Normale Supérieure de Rennes,Bruz,48.02459,-1.74709,1.00,1.00,0,,,,auto
de-university-of-hildesheim,csrankings,University of Hildesheim,de,,https://www.uni-hildesheim.de/en/fb4/institute/ifi/,3,University of Hildesheim,02f9det96,University of Hildesheim,Hildesheim,52.15077,9.95112,1.00,1.00,1,,,,auto
no-simula-uib,csrankings,Simula UiB,no,,https://www.simula.no/research/projects/simula-uib,2,Simula UiB,05kmggt55,Simula UiB,Bergen,60.39299,5.32415,1.00,1.00,0,,,,auto
gr-university-of-patras,csrankings,University of Patras,gr,,https://www.ceid.upatras.gr/en/home/,1,University of Patras,017wvtq80,University of Patras,Pátrai,38.24444,21.73444,1.00,1.00,1,,,,auto
it-university-of-udine,csrankings,University of Udine,it,,https://dmif.uniud.it/en/,1,University of Udine,05ht0mh31,University of Udine,Udine,46.0693,13.23715,1.00,1.00,1,,,,auto
de-mpi-inf,supplement,MPI for Informatics,de,Saarbrücken,,,Max Planck Institute for Informatics,01w19ak89,Max Planck Institute for Informatics,Saarbrücken,49.23262,7.00982,1.00,1.00,0,,,,auto
de-mpi-sws-sb,supplement,MPI for Software Systems (Saarbrücken),de,Saarbrücken,,,Max Planck Institute for Software Systems,02pe2kf23,Max Planck Institute for Software Systems,Saarbrücken,49.23262,7.00982,1.00,1.00,0,,,,auto
de-mpi-sws-kl,supplement,MPI for Software Systems (Kaiserslautern),de,Kaiserslautern,,,Max Planck Institute for Software Systems,02pe2kf23,Max Planck Institute for Software Systems,Landau,49.19844,8.11692,1.00,1.00,0,de-tu-kaiserslautern,"expected Kaiserslautern, ROR says Saarbrücken; coords borrowed from de-tu-kaiserslautern",Second MPI-SWS site; ROR record points at Saarbrücken,auto
de-mpi-is-tue,supplement,MPI for Intelligent Systems (Tübingen),de,Tübingen,,,Max Planck Institute for Intelligent Systems,04fq9j139,Max Planck Institute for Intelligent Systems,Tübingen,48.52266,9.05222,1.00,1.00,0,de-university-of-t-bingen,"expected Tübingen, ROR says Stuttgart; coords borrowed from de-university-of-t-bingen",ROR registers MPI-IS in Stuttgart; the Tübingen campus is the AI site,auto
de-mpi-is-stu,supplement,MPI for Intelligent Systems (Stuttgart),de,Stuttgart,,,Max Planck Institute for Intelligent Systems,04fq9j139,Max Planck Institute for Intelligent Systems,Stuttgart,48.78232,9.17702,1.00,1.00,0,,,ROR location is already the Stuttgart site,auto
de-mpi-kyb,supplement,MPI for Biological Cybernetics,de,Tübingen,,,Max Planck Institute for Biological Cybernetics,026nmvv73,Max Planck Institute for Biological Cybernetics,Tübingen,48.52266,9.05222,1.00,1.00,0,,,,auto
de-mpi-sp,supplement,MPI for Security and Privacy,de,Bochum,,,Max Planck Institute for Security and Privacy,00bj0r217,Max Planck Institute for Security and Privacy,Bochum,51.48165,7.21648,1.00,1.00,0,,,,auto
de-mpi-mis,supplement,MPI for Mathematics in the Sciences,de,Leipzig,,,Max Planck Institute for Mathematics in the Sciences,00ez2he07,Max Planck Institute for Mathematics in the Sciences,Leipzig,51.33962,12.37129,1.00,1.00,0,,,,auto
de-mpi-cbg,supplement,MPI of Molecular Cell Biology and Genetics,de,Dresden,,,Max Planck Institute of Molecular Cell Biology and Genetics,05b8d3w18,Max Planck Institute of Molecular Cell Biology and Genetics,Dresden,51.05089,13.73832,1.00,1.00,0,,,,auto
de-mpi-hd-chm,supplement,MPI for Human Development (Center for Humans and Machines),de,Berlin,,,Max Planck Institute for Human Development,02pp7px91,Max Planck Institute for Human Development,Berlin,52.52437,13.41053,1.00,1.00,0,,,,auto
de-ellis-inst-tue,supplement,ELLIS Institute Tübingen,de,Tübingen,,,ELLIS Institute Tübingen,036z3g533,ELLIS Institute Tübingen,Tübingen,48.52266,9.05222,1.00,1.00,0,de-university-of-t-bingen,coords borrowed from de-university-of-t-bingen,,auto
de-tue-ai-center,supplement,Tübingen AI Center,de,Tübingen,,,Tübingen AI Center,0107nyd78,Tübingen AI Center,Tübingen,48.52266,9.05222,1.00,1.00,0,de-university-of-t-bingen,coords borrowed from de-university-of-t-bingen,,auto
de-dfki-sb,supplement,DFKI Saarbrücken,de,Saarbrücken,,,German Research Centre for Artificial Intelligence,01ayc5b57,German Research Centre for Artificial Intelligence,Saarbrücken,49.23262,7.00982,1.00,1.00,0,de-saarland-university,"expected Saarbrücken, ROR says Kaiserslautern; coords borrowed from de-saarland-university",DFKI is multi-site; anchor to the Saarbrücken campus,auto
de-dfki-kl,supplement,DFKI Kaiserslautern,de,Kaiserslautern,,,German Research Centre for Artificial Intelligence,01ayc5b57,German Research Centre for Artificial Intelligence,Landau,49.19844,8.11692,1.00,1.00,0,de-tu-kaiserslautern,coords borrowed from de-tu-kaiserslautern,,auto
de-dfki-hb,supplement,DFKI Robotics Innovation Center,de,Bremen,,,German Research Centre for Artificial Intelligence,01ayc5b57,German Research Centre for Artificial Intelligence,Bremen,53.07582,8.80717,1.00,1.00,0,de-university-of-bremen,"expected Bremen, ROR says Kaiserslautern; coords borrowed from de-university-of-bremen",,auto
de-dfki-be,supplement,DFKI Berlin,de,Berlin,,,German Research Centre for Artificial Intelligence,01ayc5b57,German Research Centre for Artificial Intelligence,Berlin,52.52437,13.41053,1.00,1.00,0,de-tu-berlin,"expected Berlin, ROR says Kaiserslautern; coords borrowed from de-tu-berlin",,auto
de-helmholtz-munich,supplement,Helmholtz Munich,de,München,,,Helmholtz Zentrum München,00cfam450,Helmholtz Munich,Munich,48.13743,11.57549,1.00,1.00,0,,"expected München, ROR says Munich",,auto
de-mcml,supplement,Munich Center for Machine Learning,de,München,,,Munich Center for Machine Learning,02nfy3535,Munich Center for Machine Learning,Munich,48.13743,11.57549,1.00,1.00,0,de-lmu-munich,"expected München, ROR says Munich; coords borrowed from de-lmu-munich",Virtual centre; members hold LMU or TUM chairs,auto
de-bifold,supplement,BIFOLD Berlin Institute for the Foundations of Learning and Data,de,Berlin,,,BIFOLD,,,Berlin,52.52437,13.41053,,,,de-tu-berlin,coords borrowed from de-tu-berlin,Virtual centre hosted at TU Berlin | no reliable ROR record; anchored to a neighbour,anchored
de-lamarr,supplement,Lamarr Institute,de,Dortmund,,,Lamarr Institute for Machine Learning and Artificial Intelligence,04s11ea33,Lamarr Institute for Machine Learning and Artificial Intelligence,Dortmund,51.51494,7.466,1.00,1.00,0,de-tu-dortmund,"expected Dortmund, ROR says Sankt Augustin; coords borrowed from de-tu-dortmund",Sites in Dortmund Bonn Aachen Sankt Augustin,auto
de-scads,supplement,ScaDS.AI Dresden/Leipzig,de,Dresden,,,ScaDS.AI,01t4ttr56,Center for Scalable Data Analytics and Artificial Intelligence,Dresden,51.05089,13.73832,1.00,1.00,0,de-tu-dresden,coords borrowed from de-tu-dresden,Two-city centre,auto
de-zib,supplement,Zuse Institute Berlin,de,Berlin,,,Zuse Institute Berlin,02eva5865,Zuse Institute Berlin,Berlin,52.52437,13.41053,1.00,1.00,0,,,,auto
de-dlr-ki,supplement,DLR Institute for AI Safety and Security,de,Sankt Augustin,,,German Aerospace Center,04bwf3e34,Deutsches Zentrum für Luft- und Raumfahrt e. V. (DLR),Bonn,50.73438,7.09549,1.00,1.00,0,de-university-of-bonn,"expected Sankt Augustin, ROR says Cologne; coords borrowed from de-university-of-bonn",Sankt Augustin site near Bonn,auto
fr-inria-paris,supplement,Inria Centre de Paris,fr,Paris,,,Centre Inria de Paris,05eyd5d35,Centre Inria de Paris,Paris,48.85341,2.3488,1.00,1.00,0,,,,auto
fr-inria-saclay,supplement,Inria Centre de Saclay,fr,Palaiseau,,,Centre Inria de Saclay,0315e5x55,Centre Inria de Saclay,Palaiseau,48.71828,2.2498,1.00,1.00,0,,,,auto
fr-inria-grenoble,supplement,Inria Centre de l'Université Grenoble Alpes,fr,Grenoble,,,Centre Inria de l'Université Grenoble Alpes,00n8d6z93,Centre Inria de l'Université Grenoble Alpes,Montbonnot-Saint-Martin,45.22537,5.8017,1.00,1.00,0,,"expected Grenoble, ROR says Montbonnot-Saint-Martin",,auto
fr-inria-rennes,supplement,Inria Centre de l'Université de Rennes,fr,Rennes,,,Centre Inria de l'Université de Rennes,04040yw90,Centre Inria de l'Université de Rennes,Rennes,48.11109,-1.67431,1.00,1.00,0,,,,auto
fr-inria-lille,supplement,Inria Centre de l'Université de Lille,fr,Villeneuve-d'Ascq,,,Centre Inria de l'Université de Lille,04eej9726,Centre Inria de l'Université de Lille,Villeneuve-d'Ascq,50.61669,3.16664,1.00,1.00,0,,,,auto
fr-inria-sophia,supplement,Inria Centre d'Université Côte d'Azur,fr,Sophia Antipolis,,,Centre Inria d'Université Côte d'Azur,01nzkaw91,Centre Inria d'Université Côte d'Azur,Valbonne,43.63292,6.99911,1.00,1.00,0,,"expected Sophia Antipolis, ROR says Valbonne",,auto
fr-inria-nancy,supplement,Inria Centre de l'Université de Lorraine,fr,Villers-lès-Nancy,,,Centre Inria de l'Université de Lorraine,03fcjvn64,Centre Inria de l'Université de Lorraine,Villers-lès-Nancy,48.67333,6.15283,1.00,1.00,0,,,,auto
fr-inria-bordeaux,supplement,Inria Centre de l'Université de Bordeaux,fr,Talence,,,Centre Inria de l'Université de Bordeaux,03tjcj052,Centre Inria de l'université de Bordeaux,Talence,44.80849,-0.58915,1.00,1.00,0,,,,auto
fr-inria-lyon,supplement,Inria Centre de Lyon,fr,Villeurbanne,,,Centre Inria de Lyon,022gakr41,Centre Inria de Lyon,Villeurbanne,45.76601,4.8795,1.00,1.00,0,,,,auto
fr-sorbonne,supplement,Sorbonne Université (LIP6 ISIR),fr,Paris,,,Sorbonne University,02en5vm52,Sorbonne Université,Paris,48.85341,2.3488,1.00,1.00,0,,,,auto
fr-paris-saclay,supplement,Université Paris-Saclay (LISN),fr,Gif-sur-Yvette,,,Université Paris-Saclay,03xjwb503,Université Paris-Saclay,Gif-sur-Yvette,48.68333,2.13333,1.00,1.00,0,,,,auto
fr-paris-cite,supplement,Université Paris Cité (IRIF),fr,Paris,,,Université Paris Cité,05f82e368,Université Paris Cité,Paris,48.85341,2.3488,1.00,1.00,0,,,,auto
fr-telecom-paris,supplement,Télécom Paris (LTCI),fr,Palaiseau,,,Télécom Paris,01naq7912,Télécom Paris,Palaiseau,48.71828,2.2498,1.00,1.00,0,,,,auto
fr-polytechnique,supplement,École Polytechnique (LIX),fr,Palaiseau,,,École Polytechnique,05hy3tk52,École Polytechnique,Palaiseau,48.71828,2.2498,1.00,1.00,0,,,,auto
fr-centralesupelec,supplement,CentraleSupélec,fr,Gif-sur-Yvette,,,CentraleSupélec,019tcpt25,CentraleSupélec,Gif-sur-Yvette,48.68333,2.13333,1.00,1.00,0,,,,auto
fr-uga,supplement,Université Grenoble Alpes (LIG GIPSA),fr,Grenoble,,,Université Grenoble Alpes,02rx3b187,Université Grenoble Alpes,Saint-Martin-d'Hères,45.1787,5.76281,1.00,1.00,0,,"expected Grenoble, ROR says Saint-Martin-d'Hères",,auto
fr-toulouse,supplement,Université de Toulouse (IRIT ANITI),fr,Toulouse,,,Université de Toulouse,01ahyrz84,Université de Toulouse,Toulouse,43.60426,1.44367,1.00,1.00,0,,,,auto
fr-amu,supplement,Aix-Marseille Université (LIS),fr,Marseille,,,Aix-Marseille Université,035xkbk20,Aix-Marseille Université,Marseille,43.29695,5.38107,1.00,1.00,0,,,,auto
fr-bordeaux,supplement,Université de Bordeaux (LaBRI),fr,Talence,,,Université de Bordeaux,057qpr032,Université de Bordeaux,Bordeaux,44.84124,-0.58046,1.00,1.00,0,,"expected Talence, ROR says Bordeaux",,auto
fr-lorraine,supplement,Université de Lorraine (LORIA),fr,Nancy,,,Université de Lorraine,04vfs2w97,Université de Lorraine,Nancy,48.68439,6.18496,1.00,1.00,0,,,,auto
fr-montpellier,supplement,Université de Montpellier (LIRMM),fr,Montpellier,,,Université de Montpellier,051escj72,Université de Montpellier,Montpellier,43.61093,3.87635,1.00,1.00,0,,,,auto
fr-nantes,supplement,Nantes Université / Centrale Nantes (LS2N),fr,Nantes,,,Nantes Université,03gnr7b55,Nantes Université,Nantes,47.21725,-1.55336,1.00,1.00,0,,,,auto
fr-cote-azur,supplement,Université Côte d'Azur (I3S 3IA),fr,Nice,,,Université Côte d'Azur,019tgvf94,Université Côte d'Azur,Nice,43.70313,7.26608,1.00,1.00,0,,,,auto
fr-lyon1-insa,supplement,Université Lyon 1 / INSA Lyon (LIRIS),fr,Villeurbanne,,,Université Claude Bernard Lyon 1,029brtt94,Lyon 1 Université,Villeurbanne,45.76601,4.8795,1.00,1.00,0,,,,auto
fr-cea-list,supplement,CEA List,fr,Palaiseau,,,CEA LIST,026ma2c10,CEA CESTA,Palaiseau,48.71828,2.2498,0.75,0.71,0,fr-telecom-paris,"expected Palaiseau, ROR says Le Barp; coords borrowed from fr-telecom-paris",Palaiseau site on the Saclay plateau | no reliable ROR record; anchored to a neighbour,anchored
fr-utc,supplement,Université de technologie de Compiègne,fr,Compiègne,,,Université de technologie de Compiègne,04y5kwa70,Université de Technologie de Compiègne,Compiègne,49.41794,2.82606,1.00,1.00,0,,,,auto
fr-imt-atlantique,supplement,IMT Atlantique,fr,Brest,,,IMT Atlantique,030hj3061,IMT Atlantique,Nantes,47.21725,-1.55336,1.00,1.00,0,,"expected Brest, ROR says Nantes",,auto
ch-idiap,supplement,Idiap Research Institute,ch,Martigny,,,Idiap Research Institute,05932h694,Idiap Research Institute,Martigny-Combe,46.07817,7.05099,1.00,1.00,0,,,,auto
ch-idsia,supplement,IDSIA,ch,Lugano,,,Dalle Molle Institute for Artificial Intelligence Research,013355g38,Dalle Molle Institute for Artificial Intelligence Research,Lugano,46.01008,8.96004,1.00,1.00,0,,,,auto
ch-unige,supplement,University of Geneva,ch,Genève,,,University of Geneva,01swzsf04,University of Geneva,Geneva,46.20222,6.14569,1.00,1.00,0,,,,auto
ch-unil,supplement,University of Lausanne,ch,Lausanne,,,University of Lausanne,019whta54,University of Lausanne,Lausanne,46.516,6.63282,1.00,1.00,0,,,,auto
ch-unine,supplement,University of Neuchâtel,ch,Neuchâtel,,,University of Neuchâtel,00vasag41,University of Neuchâtel,Neuchâtel,46.99179,6.931,1.00,1.00,0,,,,auto
ch-zhaw,supplement,ZHAW,ch,Winterthur,,,ZHAW Zurich University of Applied Sciences,05pmsvm27,ZHAW Zurich University of Applied Sciences,Zurich,47.36667,8.55,1.00,1.00,0,ch-university-of-zurich,coords borrowed from ch-university-of-zurich,"Winterthur campus, ~20 km from Zurich; anchored to the nearest resolved institution",auto
ch-sdsc,supplement,Swiss Data Science Center,ch,Zürich,,,Swiss Data Science Center,02hdt9m26,Swiss Data Science Center,Zurich,47.36667,8.55,1.00,1.00,0,,,,auto
ch-unisg,supplement,University of St. Gallen,ch,St. Gallen,,,Universität St. Gallen,0561a3s31,University of St.Gallen,Saint Gallen,47.42391,9.37477,0.95,0.98,0,,"expected St. Gallen, ROR says Saint Gallen",,auto
it-iit-genova,supplement,Istituto Italiano di Tecnologia,it,Genova,,,Istituto Italiano di Tecnologia,042t93s57,Italian Institute of Technology,Genoa,44.40478,8.94439,1.00,1.00,0,,"expected Genova, ROR says Genoa",,auto
it-iit-milano,supplement,IIT Center for Human Technologies,it,Milano,,,Italian Institute of Technology,042t93s57,Italian Institute of Technology,Milan,45.46427,9.18951,1.00,1.00,0,it-unimi,"expected Milano, ROR says Genoa; coords borrowed from it-unimi",IIT satellite centre in Milan | no reliable ROR record; anchored to a neighbour,auto
it-fbk,supplement,Fondazione Bruno Kessler,it,Trento,,,Fondazione Bruno Kessler,01j33xk10,Fondazione Bruno Kessler,Trento,46.06787,11.12108,1.00,1.00,0,,,,auto
it-cnr-isti,supplement,CNR-ISTI,it,Pisa,,,Institute of Information Science and Technologies,05kacka20,"Istituto di Scienza e Tecnologie dell'Informazione ""Alessandro Faedo""",Pisa,43.70853,10.4036,1.00,1.00,0,,,,auto
it-polito,supplement,Politecnico di Torino,it,Torino,,,Politecnico di Torino,00bgk9508,Politecnico di Torino,Turin,45.07049,7.68682,1.00,1.00,0,,"expected Torino, ROR says Turin",,auto
it-unito,supplement,Università di Torino,it,Torino,,,University of Turin,048tbm396,University of Turin,Turin,45.07049,7.68682,1.00,1.00,0,,"expected Torino, ROR says Turin",,auto
it-unibo,supplement,Università di Bologna,it,Bologna,,,University of Bologna,01111rn36,University of Bologna,Bologna,44.49381,11.33875,1.00,1.00,0,,,,auto
it-unige,supplement,Università di Genova,it,Genova,,,University of Genoa,0107c5v14,University of Genoa,Genoa,44.40478,8.94439,1.00,1.00,0,,"expected Genova, ROR says Genoa",,auto
it-uniroma2,supplement,Università di Roma Tor Vergata,it,Roma,,,University of Rome Tor Vergata,02p77k626,University of Rome Tor Vergata,Rome,41.89193,12.51133,1.00,1.00,0,,"expected Roma, ROR says Rome",,auto
it-uniroma3,supplement,Università Roma Tre,it,Roma,,,Roma Tre University,05vf0dg29,Roma Tre University,Rome,41.89193,12.51133,1.00,1.00,0,,"expected Roma, ROR says Rome",,auto
it-unina,supplement,Università di Napoli Federico II,it,Napoli,,,University of Naples Federico II,05290cv24,University of Naples Federico II,Naples,40.85216,14.26811,1.00,1.00,0,,"expected Napoli, ROR says Naples",,auto
it-unifi,supplement,Università di Firenze,it,Firenze,,,University of Florence,04jr1s763,University of Florence,Florence,43.77925,11.24626,1.00,1.00,0,,"expected Firenze, ROR says Florence",,auto
it-univr,supplement,Università di Verona,it,Verona,,,University of Verona,039bp8j42,University of Verona,Verona,45.43854,10.9938,1.00,1.00,0,,,,auto
it-sissa,supplement,SISSA,it,Trieste,,,Scuola Internazionale Superiore di Studi Avanzati,004fze387,Scuola Internazionale Superiore di Studi Avanzati,Trieste,45.64953,13.77678,1.00,1.00,0,,,,auto
it-ictp,supplement,ICTP,it,Trieste,,,Abdus Salam International Centre for Theoretical Physics,009gyvm78,The Abdus Salam International Centre for Theoretical Physics (ICTP),Trieste,45.64953,13.77678,1.00,1.00,0,,,,auto
it-sns,supplement,Scuola Normale Superiore,it,Pisa,,,Scuola Normale Superiore,03aydme10,Scuola Normale Superiore,Pisa,43.70853,10.4036,1.00,1.00,0,,,,auto
it-imt-lucca,supplement,IMT School for Advanced Studies Lucca,it,Lucca,,,IMT School for Advanced Studies Lucca,035gh3a49,IMT School for Advanced Studies Lucca,Lucca,43.84369,10.50447,1.00,1.00,0,,,,auto
it-unimib,supplement,Università di Milano-Bicocca,it,Milano,,,University of Milano-Bicocca,01ynf4891,University of Milano-Bicocca,Milan,45.46427,9.18951,1.00,1.00,0,,,,auto
it-unimi,supplement,Università degli Studi di Milano,it,Milano,,,University of Milan,00wjc7c48,University of Milan,Milan,45.46427,9.18951,1.00,1.00,0,,,,auto
it-unive,supplement,Università Ca' Foscari Venezia,it,Venezia,,,Università Ca' Foscari Venezia,04yzxz566,Ca' Foscari University of Venice,Venice,45.43713,12.33265,1.00,1.00,0,,"expected Venezia, ROR says Venice",,auto
it-unisi,supplement,Università di Siena (SAILab),it,Siena,,,University of Siena,01tevnk56,University of Siena,Siena,43.31822,11.33064,1.00,1.00,0,,,,auto
it-poliba,supplement,Politecnico di Bari,it,Bari,,,Politecnico di Bari,03c44v465,Polytechnic University of Bari,Bari,41.12066,16.86982,1.00,1.00,0,,,,auto
it-unibz,supplement,Free University of Bozen-Bolzano,it,Bolzano,,,Free University of Bozen-Bolzano,012ajp527,Free University of Bozen-Bolzano,Bolzano,46.49067,11.33982,1.00,1.00,0,,,,auto
es-upf,supplement,Universitat Pompeu Fabra,es,Barcelona,,,Pompeu Fabra University,04n0g0b29,Universitat Pompeu Fabra,Barcelona,41.38879,2.15899,1.00,1.00,0,,,,auto
es-uab-cvc,supplement,Computer Vision Center / UAB,es,Cerdanyola del Vallès,,,Computer Vision Center,00s0nnj93,Computer Vision Center,Cerdanyola del Vallès,41.49109,2.14079,1.00,1.00,0,,,,auto
es-bsc,supplement,Barcelona Supercomputing Center,es,Barcelona,,,Barcelona Supercomputing Center,05sd8tv96,Barcelona Supercomputing Center,Barcelona,41.38879,2.15899,1.00,1.00,0,,,,auto
es-iiia-csic,supplement,IIIA-CSIC,es,Bellaterra,,,Artificial Intelligence Research Institute,03c0ach84,Artificial Intelligence Research Institute,Cerdanyola del Vallès,41.49109,2.14079,1.00,1.00,0,,"expected Bellaterra, ROR says Cerdanyola del Vallès",,auto
es-ub,supplement,Universitat de Barcelona,es,Barcelona,,,University of Barcelona,021018s57,Universitat de Barcelona,Barcelona,41.38879,2.15899,1.00,1.00,0,,,,auto
es-upm,supplement,Universidad Politécnica de Madrid,es,Madrid,,,Technical University of Madrid,03n6nwv02,Universidad Politécnica de Madrid,Madrid,40.4165,-3.70256,1.00,1.00,0,,,,auto
es-uc3m,supplement,Universidad Carlos III de Madrid,es,Leganés,,,Universidad Carlos III de Madrid,03ths8210,Universidad Carlos III de Madrid,Madrid,40.4165,-3.70256,1.00,1.00,0,,"expected Leganés, ROR says Madrid",,auto
es-uam,supplement,Universidad Autónoma de Madrid,es,Madrid,,,Autonomous University of Madrid,01cby8j38,Universidad Autónoma de Madrid,Madrid,40.4165,-3.70256,1.00,1.00,0,,,,auto
es-ugr,supplement,Universidad de Granada,es,Granada,,,University of Granada,04njjy449,Universidad de Granada,Granada,37.18817,-3.60667,1.00,1.00,0,,,,auto
es-us,supplement,Universidad de Sevilla,es,Sevilla,,,University of Seville,03yxnpp24,Universidad de Sevilla,Seville,37.38283,-5.97317,1.00,1.00,0,,,,auto
es-uv,supplement,Universitat de València,es,València,,,Universitat de València,043nxc105,Universitat de València,Valencia,39.47391,-0.37966,1.00,1.00,0,,,,auto
es-ehu,supplement,University of the Basque Country,es,San Sebastián,,,University of the Basque Country,000xsnr85,University of the Basque Country,Leioa,43.32686,-2.98884,1.00,1.00,0,,"expected San Sebastián, ROR says Leioa",,auto
es-bcam,supplement,Basque Center for Applied Mathematics,es,Bilbao,,,Basque Center for Applied Mathematics,03b21sh32,Basque Center for Applied Mathematics,Bilbao,43.26271,-2.92528,1.00,1.00,0,,,,auto
es-ua,supplement,Universidad de Alicante,es,Alicante,,,Universidad de Alicante,05t8bcz72,University of Alicante,Alicante,38.34517,-0.48149,1.00,1.00,0,,,,auto
es-usc,supplement,Universidade de Santiago de Compostela,es,Santiago de Compostela,,,Universidade de Santiago de Compostela,030eybx10,Universidade de Santiago de Compostela,Santiago de Compostela,42.88052,-8.54569,1.00,1.00,0,,,,auto
es-uma,supplement,Universidad de Málaga,es,Málaga,,,Universidad de Málaga,036b2ww28,Universidad de Málaga,Málaga,36.72016,-4.42034,1.00,1.00,0,,,,auto
pt-inesc-id,supplement,INESC-ID,pt,Lisboa,,,INESC-ID,,,Lisbon,38.72509,-9.1498,,,,pt-universidade-de-lisboa,coords borrowed from pt-universidade-de-lisboa, | no reliable ROR record; anchored to a neighbour,anchored
pt-inesctec,supplement,INESC TEC,pt,Porto,,,INESC TEC,05fa8ka61,INESC TEC,Porto,41.1485,-8.61097,1.00,1.00,0,,,,auto
pt-up,supplement,Universidade do Porto,pt,Porto,,,University of Porto,043pwc612,Universidade do Porto,Porto,41.1485,-8.61097,1.00,1.00,0,,,,auto
pt-uc,supplement,Universidade de Coimbra,pt,Coimbra,,,University of Coimbra,04z8k9a98,University of Coimbra,Coimbra,40.20686,-8.41996,1.00,1.00,0,,,,auto
pt-uminho,supplement,Universidade do Minho,pt,Braga,,,University of Minho,037wpkx04,University of Minho,Braga,41.5514,-8.42311,1.00,1.00,0,,,,auto
pt-ua,supplement,Universidade de Aveiro,pt,Aveiro,,,University of Aveiro,00nt41z93,University of Aveiro,Aveiro,40.64427,-8.64554,1.00,1.00,0,,,,auto
pt-champalimaud,supplement,Champalimaud Foundation,pt,Lisboa,,,Champalimaud Foundation,03g001n57,Champalimaud Foundation,Lisbon,38.71667,-9.13333,1.00,1.00,0,,,,auto
be-ugent,supplement,Ghent University,be,Gent,,,Ghent University,00cv9y106,Ghent University,Ghent,51.05,3.71667,1.00,1.00,0,,"expected Gent, ROR says Ghent",,auto
be-uclouvain,supplement,UCLouvain,be,Louvain-la-Neuve,,,UCLouvain,02495e989,UCLouvain,Louvain-la-Neuve,50.66829,4.61443,1.00,1.00,0,,,,auto
be-vub,supplement,Vrije Universiteit Brussel,be,Brussel,,,Vrije Universiteit Brussel,006e5kg04,Vrije Universiteit Brussel,Brussels,50.85045,4.34878,1.00,1.00,0,,,,auto
be-uliege,supplement,Université de Liège,be,Liège,,,Université de Liège,00afp2z80,University of Liège,Liège,50.63373,5.56749,1.00,1.00,0,,,,auto
be-umons,supplement,Université de Mons,be,Mons,,,Université de Mons,02qnnz951,University of Mons,Mons,50.45413,3.95229,1.00,1.00,0,,,,auto
be-imec,supplement,imec,be,Leuven,,,Interuniversity Microelectronics Centre,02kcbn207,IMEC,Leuven,50.87959,4.70093,1.00,1.00,0,,,,auto
nl-nlesc,supplement,Netherlands eScience Center,nl,Amsterdam,,,Netherlands eScience Center,00rbjv475,Netherlands eScience Center,Amsterdam,52.37403,4.88969,1.00,1.00,0,,,,auto
nl-wur,supplement,Wageningen University,nl,Wageningen,,,Wageningen University & Research,04qw24q55,Wageningen University & Research,Wageningen,51.97,5.66667,1.00,1.00,0,,,,auto
nl-eur,supplement,Erasmus University Rotterdam,nl,Rotterdam,,,Erasmus University Rotterdam,057w15z03,Erasmus University Rotterdam,Rotterdam,51.9225,4.47917,1.00,1.00,0,,,,auto
at-csh,supplement,Complexity Science Hub Vienna,at,Wien,,,Complexity Science Hub Vienna,023dz9m50,Complexity Science Hub,Vienna,48.20849,16.37208,1.00,1.00,0,,"expected Wien, ROR says Vienna",,auto
at-ait,supplement,AIT Austrian Institute of Technology,at,Wien,,,AIT Austrian Institute of Technology,04knbh022,Austrian Institute of Technology,Vienna,48.20849,16.37208,1.00,0.94,0,,"expected Wien, ROR says Vienna",,auto
at-scch,supplement,Software Competence Center Hagenberg,at,Hagenberg,,,Software Competence Center Hagenberg,05rq5rv71,Competence Center CHASE GmbH (Austria),Linz,48.30639,14.28611,0.80,0.69,0,at-jku-linz,"expected Hagenberg, ROR says Linz; coords borrowed from at-jku-linz", | no reliable ROR record; anchored to a neighbour,anchored
se-liu,supplement,Linköping University,se,Linköping,,,Linköping University,05ynxx418,Linköping University,Linköping,58.41086,15.62157,1.00,1.00,0,,,,auto
se-umu,supplement,Umeå University,se,Umeå,,,Umeå University,05kb8h459,Umeå University,Umeå,63.82842,20.25972,1.00,1.00,0,,,,auto
se-su,supplement,Stockholm University,se,Stockholm,,,Stockholm University,05f0yaq80,Stockholm University,Stockholm,59.32938,18.06871,1.00,1.00,0,,,,auto
se-oru,supplement,Örebro University,se,Örebro,,,Örebro University,05kytsw45,Örebro University,Örebro,59.27412,15.2066,1.00,1.00,0,,,,auto
se-rise,supplement,RISE Research Institutes of Sweden,se,Stockholm,,,RISE Research Institutes of Sweden,03nnxqz81,RISE Research Institutes of Sweden,Gothenburg,57.70716,11.96679,1.00,1.00,0,,"expected Stockholm, ROR says Gothenburg",,auto
se-ki,supplement,Karolinska Institutet,se,Stockholm,,,Karolinska Institutet,056d84691,Karolinska Institutet,Stockholm,59.32938,18.06871,1.00,1.00,0,,,,auto
dk-sdu,supplement,University of Southern Denmark,dk,Odense,,,University of Southern Denmark,03yrrjy16,University of Southern Denmark,Odense,55.39594,10.38831,1.00,1.00,0,,,,auto
fi-utu,supplement,University of Turku,fi,Turku,,,University of Turku,05vghhr25,University of Turku,Turku,60.45148,22.26869,1.00,1.00,0,,,,auto
fi-oulu,supplement,University of Oulu,fi,Oulu,,,University of Oulu,03yj89h83,University of Oulu,Oulu,65.01236,25.46816,1.00,1.00,0,,,,auto
fi-jyu,supplement,University of Jyväskylä,fi,Jyväskylä,,,University of Jyväskylä,05n3dz165,University of Jyväskylä,Jyväskylä,62.24147,25.72088,1.00,1.00,0,,,,auto
fi-vtt,supplement,VTT Technical Research Centre of Finland,fi,Espoo,,,VTT Technical Research Centre of Finland,04b181w54,VTT Technical Research Centre of Finland,Espoo,60.2052,24.6522,1.00,1.00,0,,,,auto
fi-fcai,supplement,Finnish Center for Artificial Intelligence,fi,Espoo,,,Finnish Center for Artificial Intelligence,0321d1h15,Finnish Center for Artificial Intelligence,Espoo,60.2052,24.6522,1.00,1.00,0,,,,auto
no-uio,supplement,University of Oslo,no,Oslo,,,University of Oslo,01xtthb56,University of Oslo,Oslo,59.91273,10.74609,1.00,1.00,0,,,,auto
no-simula,supplement,Simula Research Laboratory,no,Oslo,,,Simula Research Laboratory,00vn06n10,Simula Research Laboratory,Oslo,59.91273,10.74609,1.00,1.00,0,,,,auto
no-sintef,supplement,SINTEF,no,Trondheim,,,SINTEF,01f677e56,SINTEF,Trondheim,63.43049,10.39506,1.00,1.00,0,,,,auto
no-nr,supplement,Norsk Regnesentral,no,Oslo,,,Norsk Regnesentral,02gm7te43,Norwegian Computing Center,Oslo,59.91273,10.74609,1.00,1.00,0,,,,auto
is-hi,supplement,University of Iceland,is,Reykjavík,,,University of Iceland,01db6h964,University of Iceland,Reykjavik,64.13548,-21.89541,1.00,1.00,0,,,,auto
is-ru,supplement,Reykjavik University,is,Reykjavík,,,Reykjavik University,05d2kyx68,Reykjavík University,Reykjavik,64.13548,-21.89541,1.00,1.00,0,,,,auto
pl-ideas,supplement,IDEAS NCBR,pl,Warszawa,,,IDEAS NCBR,03yqf2f91,IDEAS Science Nonprofit Ltd,Warsaw,52.22977,21.01178,0.82,0.70,0,pl-university-of-warsaw,"expected Warszawa, ROR says Budapest; coords borrowed from pl-university-of-warsaw",Young institute; ROR match is unreliable | no reliable ROR record; anchored to a neighbour,anchored
pl-pw,supplement,Warsaw University of Technology,pl,Warszawa,,,Warsaw University of Technology,00y0xnp53,Warsaw University of Technology,Warsaw,52.22977,21.01178,1.00,1.00,0,,"expected Warszawa, ROR says Warsaw",,auto
pl-uj,supplement,Jagiellonian University,pl,Kraków,,,Jagiellonian University,03bqmcz70,Jagiellonian University,Krakow,50.06143,19.93658,1.00,1.00,0,,,,auto
pl-agh,supplement,AGH University of Krakow,pl,Kraków,,,AGH University of Krakow,00bas1c41,AGH University of Krakow,Krakow,50.06143,19.93658,1.00,1.00,0,,,,auto
pl-put,supplement,Poznań University of Technology,pl,Poznań,,,Poznań University of Technology,00p7p3302,Poznań University of Technology,Poznan,52.40692,16.92993,1.00,1.00,0,,,,auto
pl-pwr,supplement,Wrocław University of Science and Technology,pl,Wrocław,,,Wrocław University of Science and Technology,008fyn775,Wrocław University of Science and Technology,Wroclaw,51.1,17.03333,1.00,1.00,0,,"expected Wrocław, ROR says Wroclaw",,auto
pl-nask,supplement,NASK,pl,Warszawa,,,Naukowa i Akademicka Sieć Komputerowa,03ajsaw82,NASK National Research Institute,Warsaw,52.22977,21.01178,1.00,1.00,0,,"expected Warszawa, ROR says Warsaw",,auto
cz-ciirc,supplement,CIIRC CTU,cz,Praha,,,"Czech Institute of Informatics, Robotics and Cybernetics",013vrgb28,Czech Radio,Prague,50.08804,14.42076,0.78,0.24,0,cz-czech-technical-university,"expected Praha, ROR says Prague; coords borrowed from cz-czech-technical-university", | no reliable ROR record; anchored to a neighbour,anchored
cz-utia,supplement,UTIA Czech Academy of Sciences,cz,Praha,,,Institute of Information Theory and Automation of the Czech Academy of Sciences,03h1hsz49,"Czech Academy of Sciences, Institute of Information Theory and Automation",Prague,50.08804,14.42076,1.00,1.00,0,,"expected Praha, ROR says Prague",,auto
cz-cas-cs,supplement,Institute of Computer Science CAS,cz,Praha,,,Institute of Computer Science CAS,0496n6574,"Czech Academy of Sciences, Institute of Computer Science",Prague,50.08804,14.42076,1.00,1.00,0,,"expected Praha, ROR says Prague",,auto
hu-bme,supplement,Budapest University of Technology and Economics,hu,Budapest,,,Budapest University of Technology and Economics,02w42ss30,Budapest University of Technology and Economics,Budapest,47.49835,19.04045,1.00,1.00,0,,,,auto
hu-elte,supplement,Eötvös Loránd University,hu,Budapest,,,Eötvös Loránd University,01jsq2704,Eötvös Loránd University,Budapest,47.49835,19.04045,1.00,1.00,0,,,,auto
hu-sztaki,supplement,HUN-REN SZTAKI,hu,Budapest,,,Institute for Computer Science and Control,0249v7n71,HUN-REN Institute for Computer Science and Control,Budapest,47.49835,19.04045,1.00,1.00,0,,,,auto
hu-renyi,supplement,HUN-REN Alfréd Rényi Institute of Mathematics,hu,Budapest,,,Alfréd Rényi Institute of Mathematics,03vw74f64,Alfréd Rényi Institute of Mathematics,Budapest,47.49835,19.04045,1.00,1.00,0,,,,auto
gr-athena,supplement,Athena Research Center (Archimedes AI),gr,Athina,,,Athena Research and Innovation Center,0576by029,Athena Research and Innovation Center In Information Communication & Knowledge Technologies,Marousi,38.05,23.8,1.00,1.00,0,,"expected Athina, ROR says Marousi",ROR display name differs from the common short form,auto
gr-demokritos,supplement,NCSR Demokritos,gr,Athina,,,NCSR Demokritos,038jp4m40,"National Centre of Scientific Research ""Demokritos""",Athens,37.98376,23.72784,1.00,1.00,0,,"expected Athina, ROR says Athens",,auto
gr-forth,supplement,FORTH-ICS,gr,Iraklio,,,Foundation for Research and Technology Hellas,052rphn09,Foundation for Research and Technology Hellas,Heraklion,35.32787,25.14341,1.00,1.00,0,,"expected Iraklio, ROR says Heraklion",,auto
gr-auth,supplement,Aristotle University of Thessaloniki,gr,Thessaloniki,,,Aristotle University of Thessaloniki,02j61yw88,Aristotle University of Thessaloniki,Thessaloniki,40.64361,22.93086,1.00,1.00,0,,,,auto
gr-tuc,supplement,Technical University of Crete,gr,Chania,,,Technical University of Crete,03f8bz564,Technical University of Crete,Chania,35.51124,24.02921,1.00,1.00,0,,,,auto
si-ijs,supplement,Jožef Stefan Institute,si,Ljubljana,,,Jožef Stefan Institute,05060sz93,Jožef Stefan Institute,Ljubljana,46.05108,14.50513,1.00,1.00,0,,,,auto
si-uni-lj,supplement,University of Ljubljana,si,Ljubljana,,,University of Ljubljana,05njb9z20,University of Ljubljana,Ljubljana,46.05108,14.50513,1.00,1.00,0,,,,auto
hr-fer,supplement,University of Zagreb FER,hr,Zagreb,,,University of Zagreb,00mv6sv71,University of Zagreb,Zagreb,45.81444,15.97798,1.00,1.00,0,,,,auto
hr-irb,supplement,Ruđer Bošković Institute,hr,Zagreb,,,Ruđer Bošković Institute,02mw21745,Ruđer Bošković Institute,Zagreb,45.81444,15.97798,1.00,1.00,0,,,,auto
ro-upb,supplement,University Politehnica of Bucharest,ro,București,,,Politehnica University of Bucharest,0558j5q12,Universitatea Națională de Știință și Tehnologie Politehnica București,Bucharest,44.43225,26.10626,0.97,0.97,0,,"expected București, ROR says Bucharest",,auto
ro-unibuc,supplement,University of Bucharest,ro,București,,,University of Bucharest,02x2v6p15,University of Bucharest,Bucharest,44.43225,26.10626,1.00,1.00,0,,"expected București, ROR says Bucharest",,auto
bg-su,supplement,Sofia University St. Kliment Ohridski,bg,Sofia,,,Sofia University St. Kliment Ohridski,02jv3k292,"Sofia University ""St. Kliment Ohridski""",Sofia,42.69751,23.32415,1.00,0.97,0,,,,auto
ie-galway,supplement,University of Galway (Insight),ie,Galway,,,University of Galway (Insight),03bea9k73,Ollscoil na Gaillimhe – University of Galway,Galway,53.27245,-9.05095,1.00,0.80,0,,,,auto
ie-dcu,supplement,Dublin City University,ie,Dublin,,,Dublin City University,04a1a1e81,Dublin City University,Dublin,53.33306,-6.24889,1.00,1.00,0,,,,auto
ie-ucc,supplement,University College Cork,ie,Cork,,,University College Cork,03265fv13,University College Cork,Cork,51.89797,-8.47061,1.00,1.00,0,,,,auto
ie-ul,supplement,University of Limerick,ie,Limerick,,,University of Limerick,00a0n9e72,University of Limerick,Limerick,52.66472,-8.62306,1.00,1.00,0,,,,auto
lt-vu,supplement,Vilnius University,lt,Vilnius,,,Vilnius University,03nadee84,Vilnius University,Vilnius,54.68916,25.2798,1.00,1.00,0,,,,auto
lv-rtu,supplement,Riga Technical University,lv,Riga,,,Riga Technical University,00twb6c09,Riga Technical University,Riga,56.946,24.10589,1.00,1.00,0,,,,auto
lu-list,supplement,Luxembourg Institute of Science and Technology,lu,Esch-sur-Alzette,,,Luxembourg Institute of Science and Technology,01t178j62,Luxembourg Institute of Science and Technology,Belvaux,49.51014,5.92414,1.00,1.00,0,,"expected Esch-sur-Alzette, ROR says Belvaux",,auto
sk-stu,supplement,Slovak University of Technology,sk,Bratislava,,,Slovak University of Technology in Bratislava,0561ghm58,Slovak University of Technology in Bratislava,Bratislava,48.14816,17.10674,1.00,1.00,0,,,,auto
gb-turing,supplement,The Alan Turing Institute,gb,London,,,The Alan Turing Institute,035dkdb55,The Alan Turing Institute,London,51.50853,-0.12574,1.00,1.00,0,,,,auto
de-hertie-ai,supplement,Hertie Institute for AI in Brain Health,de,Tübingen,,,Hertie Institute for AI in Brain Health,03ye20z12,HolsboerMaschmeyer NeuroChemie (Germany),Munich,48.13743,11.57549,0.90,0.54,0,,"expected Tübingen, ROR says Munich",,needs_review
