institute,campus,unit_name,unit_kind,leader_name,leader_title_verbatim,evidence_url,retrieved,confidence,notes
MPI for Intelligent Systems,Tübingen,Empirical Inference,department,Bernhard Schölkopf,Director,https://is.mpg.de/ei,2026-08-06,high,"Institute's own is.mpg.de/research page: 'Research at our institute is organized into six departments and numerous independent research groups', lists Empirical Inference among the six departments with Schölkopf as director. Campus via department admin contact email domain (sekretariat-schoelkopf@tuebingen.mpg.de); department page itself only shows the institute's two generic addresses. ei/people also titles Dieter Büchler 'Research Group Leader' within this department -- he is NOT one of the institute's 18 named independent research groups on /research, and the department page states no named internal sub-groups exist, so his unit is this department, led by Schölkopf, not by him."
MPI for Intelligent Systems,Stuttgart,Haptic Intelligence,department,Katherine J. Kuchenbecker,Director,https://is.mpg.de/hi,2026-08-06,high,"One of the institute's six departments per is.mpg.de/research. Director's own page gives office 5P5, Heisenbergstr. 3, 70569 Stuttgart, confirming Stuttgart campus. hi/people also lists Rachael Bevill Burns as 'Partner Group Leader' of a Max Planck Partner Group affiliated with this department (recorded as its own independent_group row below)."
MPI for Intelligent Systems,Tübingen,Perceiving Systems,department,Michael Black,Emeritus / Acting Director,https://is.mpg.de/ps,2026-08-06,high,"One of the institute's six departments per is.mpg.de/research. Own page gives office N3.019, 72076 Tübingen. ps/people also lists Justus Thies as 'Max Planck Research Group Leader' of a unit named 'Neural Capture and Synthesis' -- but the institute's own is.mpg.de/former-groups page separately lists 'Neural Capture and Synthesis - Justus Thies' as a FORMER research group, and it is absent from the current 18-group independent list on /research; recorded separately below as unclear given this direct conflict between two of the institute's own pages."
MPI for Intelligent Systems,Stuttgart,Physical Intelligence,department,Christoph Keplinger,Director,https://is.mpg.de/pi,2026-08-06,high,"One of the institute's six departments per is.mpg.de/research; is.mpg.de/research's own text notes the directorship was vacant after Metin Sitti departed in 2023, but pi/people (fetched fresh) now shows Christoph Keplinger as current Director. Stuttgart campus per Keplinger's own page, which states he is also 'Managing Director of the MPI-IS Stuttgart' since 2023."
MPI for Intelligent Systems,Stuttgart,Robotic Materials,department,Christoph Keplinger,Director,https://is.mpg.de/rm,2026-08-06,high,One of the institute's six departments per is.mpg.de/research. Stuttgart campus per Keplinger's own page ('Managing Director of the MPI-IS Stuttgart'). rm/people shows no 'Research Group Leader' titles among its personnel -- this department has no named internal subteams.
MPI for Intelligent Systems,Tübingen,Social Foundations of Computation,department,Moritz Hardt,Managing Director,https://is.mpg.de/sf,2026-08-06,high,"One of the institute's six departments per is.mpg.de/research. Tübingen campus per prior adjudication (data/adjudication_rulings_tuebingen.csv: 'Managing Director at MPI-IS Tübingen campus, Max-Planck-Ring 4') and the office of a Tübingen-based PI in the same building cluster (Mendler-Dünner, N1.021, Max-Planck-Ring 4). sf/people lists FOUR people titled 'Research Group Leader' inside this department -- Dingfan Chen, Yatong Chen, Nastaran Okati, Ana-Andreea Stoica -- none of whom appear among the institute's 18 named independent research groups on /research; the department's own page states no named internal sub-groups exist, so these four report to Hardt within this department rather than leading independent units. This is the exact ambiguity the task describes: their bare 'Research Group Leader' title does not make them independent."
MPI for Intelligent Systems,Tübingen,Algorithms and Society,independent_group,Celestine Mendler-Dünner,PI,https://is.mpg.de/as,2026-08-06,high,"One of 18 independent research groups explicitly named on is.mpg.de/research ('numerous independent research groups', listed by name). Own page gives office N1.021, Max-Planck-Ring 4, 72076 Tübingen; email cmendler@tuebingen.mpg.de confirms Tübingen campus."
MPI for Intelligent Systems,unclear,AI Safety and Alignment,independent_group,Maksym Andriushchenko,Research Group Leader,https://is.mpg.de/aisa,2026-08-06,medium,"One of 18 independent research groups named on is.mpg.de/research. Group and person pages give only the institute's two generic addresses; no office-specific code found this pass, so campus is not established from institute pages."
MPI for Intelligent Systems,Stuttgart,Biomimetic Materials and Machines,independent_group,Florian Hartmann,Max Planck Research Group Leader,https://is.mpg.de/bmm,2026-08-06,high,"One of 18 independent research groups named on is.mpg.de/research. Own page gives office 4E09, Heisenbergstr. 3, 70569 Stuttgart."
MPI for Intelligent Systems,unclear,Computational Applied Mathematics & AI Lab,independent_group,T. Konstantin Rusch,Research Group Leader,https://is.mpg.de/camail,2026-08-06,medium,One of 18 independent research groups named on is.mpg.de/research. Own page gives only the institute's two generic addresses; campus not established from institute pages.
MPI for Intelligent Systems,unclear,Cooperative Machine Intelligence for People-Aligned Safe Systems,independent_group,Sahar Abdelnabi,Research Group Leader,https://is.mpg.de/compass,2026-08-06,medium,"One of 18 independent research groups named on is.mpg.de/research. Own page gives only the institute's two generic addresses; campus not established from is.mpg.de pages themselves (an external ELLIS Institute Tübingen page names her as based there, but that is a different organisation's own page, not this institute's)."
MPI for Intelligent Systems,unclear,Cyborg Robotics and Intelligent Sensing,independent_group,Antonia Georgopoulou,Max Planck Research Group Leader,https://is.mpg.de/cyris,2026-08-06,medium,"One of 18 independent research groups named on is.mpg.de/research. No office-specific address found on institute pages this pass; two prior independent single-campus scrapes of this institute (Tübingen roster and Stuttgart roster, 2026-08-06) both separately marked her campus 'unclear' as well."
MPI for Intelligent Systems,Tübingen,Deep Models and Optimization,independent_group,Antonio Orvieto,PI,https://is.mpg.de/dmo,2026-08-06,medium,"One of 18 independent research groups named on is.mpg.de/research. Own page gives 'Office: S2.005'; the same S2.xxx office-code pattern is confirmed as Max-Planck-Ring 4, 72076 Tübingen on Jonas Geiping's page ('Office: S2.003 Max-Planck-Ring 4 72076 Tübingen'). Contact email domain (tue.ellis.eu) is also consistent with a Tübingen/ELLIS co-location."
MPI for Intelligent Systems,Stuttgart,Embodied Social Interaction,independent_group,Philipp Müller,Max Planck Research Group Leader,https://is.mpg.de/esi,2026-08-06,high,One of 18 independent research groups named on is.mpg.de/research. Own page states explicitly: 'Philipp Müller leads the Independent Research Group Embodied Social Interaction at the Max Planck Institute for Intelligent Systems (MPI-IS) in Stuttgart.'
MPI for Intelligent Systems,unclear,Human Aspects of Machine Learning,independent_group,Samira Samadi,Research Group Leader,https://is.mpg.de/hml,2026-08-06,medium,"One of 18 independent research groups named on is.mpg.de/research. Individual profile URLs (is.mpg.de/person/samira-samadi and is.mpg.de/hml/person/ssamadi) both 404 as of this pass; no office-specific address found. Prior scrapes disagreed on her campus (2026-08-06 Tübingen roster said Tübingen, 2026-08-06 Stuttgart roster said unclear)."
MPI for Intelligent Systems,unclear,Learning and Dynamical Systems,independent_group,Michael Muehlebach,Research Group Leader,https://is.mpg.de/lds,2026-08-06,medium,"One of 18 independent research groups named on is.mpg.de/research. Own page (lds/person/mmuehlebach) 500-errored this pass; a mirror URL (is.mpg.de/person/mmuehlebach) gave only the institute's two generic addresses. Prior scrapes disagreed on his campus (2026-08-06 Tübingen roster said Tübingen via an office code, 2026-08-06 Stuttgart roster said unclear)."
MPI for Intelligent Systems,Stuttgart,Mechanics for Intelligent Structures,independent_group,Renate Sachse,Max Planck Research Group Leader,https://is.mpg.de/mis,2026-08-06,medium,"One of 18 independent research groups named on is.mpg.de/research. Own page names 'Heisenbergstraße 3' (Stuttgart) specifically; a prior Tübingen-campus scrape instead recorded her as Tübingen, describing it as ambiguous ('works at both campuses; Tübingen listed first'). Stuttgart is recorded here as the better-supported reading given the street-specific match, but the evidence is genuinely mixed across passes."
MPI for Intelligent Systems,Stuttgart,Neuromechanics of Movement,independent_group,Janneke Schwaner,Max Planck Research Group Leader,https://is.mpg.de/nom,2026-08-06,high,"One of 18 independent research groups named on is.mpg.de/research. Own page gives office 4E21, matching the Stuttgart '4Exx' building-code pattern seen elsewhere (e.g. Hartmann's 4E09)."
MPI for Intelligent Systems,Stuttgart,Organizational Leadership and Diversity,independent_group,Ksenia Keplinger,Research Group Leader,https://is.mpg.de/ld,2026-08-06,high,"One of 18 independent research groups named on is.mpg.de/research. Own page gives office 5P01, 70569 Stuttgart, phone +49 711 689-3516."
MPI for Intelligent Systems,Tübingen,Robotic Composites and Compositions,independent_group,Buse Aktaş,Max Planck Research Group Leader,https://is.mpg.de/rococo,2026-08-06,medium,"One of 18 independent research groups named on is.mpg.de/research. A prior 2026-08-06 Tübingen-campus scrape recorded a specific office at 'Max-Planck-Ring 4, 72076 Tübingen' for her; this pass's re-fetch (rococo/person/baktas) showed only the two generic institute addresses, and a prior Stuttgart-campus scrape marked her campus unclear. Tübingen recorded on the strength of the specific address found previously, at medium rather than high confidence given the conflicting passes."
MPI for Intelligent Systems,Tübingen,Robust Machine Learning,independent_group,Wieland Brendel,Research Group Leader,https://is.mpg.de/rml,2026-08-06,high,One of 18 independent research groups named on is.mpg.de/research. Email wieland.brendel@tuebingen.mpg.de.
MPI for Intelligent Systems,Tübingen,Safety- and Efficiency- aligned Learning,independent_group,Jonas Geiping,PI,https://is.mpg.de/seal,2026-08-06,high,One of 18 independent research groups named on is.mpg.de/research. Own page: 'Office: S2.003 Max-Planck-Ring 4 72076 Tübingen.'
MPI for Intelligent Systems,Tübingen,Science and Probabilistic Intelligence,independent_group,Maximilian Dax,Research Group Leader,https://is.mpg.de/spin,2026-08-06,high,One of 18 independent research groups named on is.mpg.de/research. Location confirmed 72076 Tübingen (per 2026-08-06 scrape of this same profile page).
MPI for Intelligent Systems,Tübingen,"Wild, Efficient, and Innovative AI",independent_group,Shiwei Liu,Research Group Leader,https://is.mpg.de/wei,2026-08-06,high,"One of 18 independent research groups named on is.mpg.de/research. Own page gives office 29, APT Brunnenstraße 30, 72074 Tübingen; independently corroborated by ELLIS Institute Tübingen's own people page and by data/adjudication_rulings_tuebingen.csv."
MPI for Intelligent Systems,unclear,Intelligent Construction and Building Systems,independent_group,Achim Menges,Max Planck Fellow,https://is.mpg.de/icbs,2026-08-06,medium,"Listed under 'Max Planck Fellow Groups' on is.mpg.de/campus-facilities -- a category distinct from both the six departments and the 18 standard independent research groups, but still institute-recognised as an independent group headed by a named Fellow (icbs/people: 'Achim Menges leads the group... Max Planck Fellow', with postdocs Samuel Leder and Xiliu Yang reporting to him). No campus-specific address found on institute pages for this group; Menges's primary appointment is not stated on this institute's own pages."
MPI for Intelligent Systems,unclear,Interactive Learning,independent_group,Andreas Krause,Max Planck Fellow,https://is.mpg.de/ilg,2026-08-06,medium,Listed under 'Max Planck Fellow Groups' on is.mpg.de/campus-facilities. ilg/people names Andreas Krause as the sole 'Max Planck Fellow' for this group. No campus-specific address found on institute pages.
MPI for Intelligent Systems,Stuttgart,Social Tactile & Assistive Robotics and Intelligence (STARI),independent_group,Rachael Bevill Burns,Partner Group Leader,https://is.mpg.de/hi/news/max-planck-partner-group-established-to-strengthen-ties-between-mpi-is-and-the-university-of-tennessee-knoxville,2026-08-06,medium,"Listed under 'Max Planck Partner Group' on is.mpg.de/campus-facilities and affiliated with the Haptic Intelligence department; institute's own hi/people page also titles her 'Partner Group Leader'. The institute's own news item states the partner group was established 'between MPI-IS in Stuttgart and the University of Tennessee Knoxville', so the group is recorded as Stuttgart-affiliated even though Burns's primary appointment is UTK (Assistant Professor of ECE) -- a joint/secondary-appointment situation, not a resolvable conflict."
MPI for Intelligent Systems,unclear,CELLnROLL,unclear,,Start-up team (no leader title found),https://is.mpg.de/cellnroll/people,2026-08-06,low,"Listed under 'Start-Up Teams' on is.mpg.de/campus-facilities -- a third category distinct from both departments and independent research groups. Its own people page lists seven staff (Research Scientists, a Master Student, others with no title) with no one titled leader, head, or PI; the institute's own pages do not identify who leads it, so unit_kind is left unclear rather than guessed at."
MPI for Intelligent Systems,Tübingen,Neural Capture and Synthesis,unclear,Justus Thies,Max Planck Research Group Leader,https://is.mpg.de/ps/people,2026-08-06,low,"Current ps/people page (fetched this pass) lists Justus Thies as 'Max Planck Research Group Leader' of 'Neural Capture and Synthesis' within Perceiving Systems. However the institute's own is.mpg.de/former-groups page separately and explicitly lists 'Neural Capture and Synthesis - Justus Thies' as a FORMER research group, and this group is absent from the current 18-group independent list on is.mpg.de/research. Direct conflict between two of the institute's own pages; recorded as unclear rather than resolved either way."
MPI for Software Systems,Kaiserslautern,Björn Brandenburg,independent_group,Björn Brandenburg,Faculty (tenured),https://www.mpi-sws.org/people/bbb/,2026-08-06,high,"The institute's own 'Structure and Organization' text (mpi-sws.org/about-us/) states: 'The MPI for Software Systems is jointly led by its faculty, who also lead independent research groups... Selected junior candidates with strong potential have the opportunity to lead a research group for up to 5 years without the responsibilities of a faculty position.' This explicitly establishes BOTH tenured/tenure-track Faculty AND (junior, time-limited) Research Group Leaders as leaders of their own independent groups -- MPI-SWS has no departments and no named sub-teams reporting to another PI; every Faculty/Research Group Leader person IS the unit. Site (Saarbrücken vs Kaiserslautern) per data/raw/directories/2026-08-06/de-mpi-sws/roster.csv, confirmed there via physical office address/building on each person's own mpi-sws.org profile page."
MPI for Software Systems,Saarbrücken,Derek Dreyer,independent_group,Derek Dreyer,Faculty (scientific director),https://www.mpi-sws.org/people/dreyer/,2026-08-06,high,"The institute's own 'Structure and Organization' text (mpi-sws.org/about-us/) states: 'The MPI for Software Systems is jointly led by its faculty, who also lead independent research groups... Selected junior candidates with strong potential have the opportunity to lead a research group for up to 5 years without the responsibilities of a faculty position.' This explicitly establishes BOTH tenured/tenure-track Faculty AND (junior, time-limited) Research Group Leaders as leaders of their own independent groups -- MPI-SWS has no departments and no named sub-teams reporting to another PI; every Faculty/Research Group Leader person IS the unit. Site (Saarbrücken vs Kaiserslautern) per data/raw/directories/2026-08-06/de-mpi-sws/roster.csv, confirmed there via physical office address/building on each person's own mpi-sws.org profile page."
MPI for Software Systems,Saarbrücken,Peter Druschel,independent_group,Peter Druschel,Faculty (scientific director),https://www.mpi-sws.org/people/druschel/,2026-08-06,high,"The institute's own 'Structure and Organization' text (mpi-sws.org/about-us/) states: 'The MPI for Software Systems is jointly led by its faculty, who also lead independent research groups... Selected junior candidates with strong potential have the opportunity to lead a research group for up to 5 years without the responsibilities of a faculty position.' This explicitly establishes BOTH tenured/tenure-track Faculty AND (junior, time-limited) Research Group Leaders as leaders of their own independent groups -- MPI-SWS has no departments and no named sub-teams reporting to another PI; every Faculty/Research Group Leader person IS the unit. Site (Saarbrücken vs Kaiserslautern) per data/raw/directories/2026-08-06/de-mpi-sws/roster.csv, confirmed there via physical office address/building on each person's own mpi-sws.org profile page."
MPI for Software Systems,Saarbrücken,Deepak Garg,independent_group,Deepak Garg,Faculty (tenured),https://www.mpi-sws.org/people/dg/,2026-08-06,high,"The institute's own 'Structure and Organization' text (mpi-sws.org/about-us/) states: 'The MPI for Software Systems is jointly led by its faculty, who also lead independent research groups... Selected junior candidates with strong potential have the opportunity to lead a research group for up to 5 years without the responsibilities of a faculty position.' This explicitly establishes BOTH tenured/tenure-track Faculty AND (junior, time-limited) Research Group Leaders as leaders of their own independent groups -- MPI-SWS has no departments and no named sub-teams reporting to another PI; every Faculty/Research Group Leader person IS the unit. Site (Saarbrücken vs Kaiserslautern) per data/raw/directories/2026-08-06/de-mpi-sws/roster.csv, confirmed there via physical office address/building on each person's own mpi-sws.org profile page."
MPI for Software Systems,Saarbrücken,Christina Giannoula,independent_group,Christina Giannoula,Faculty (tenure-track),https://www.mpi-sws.org/people/cgiannoula/,2026-08-06,high,"The institute's own 'Structure and Organization' text (mpi-sws.org/about-us/) states: 'The MPI for Software Systems is jointly led by its faculty, who also lead independent research groups... Selected junior candidates with strong potential have the opportunity to lead a research group for up to 5 years without the responsibilities of a faculty position.' This explicitly establishes BOTH tenured/tenure-track Faculty AND (junior, time-limited) Research Group Leaders as leaders of their own independent groups -- MPI-SWS has no departments and no named sub-teams reporting to another PI; every Faculty/Research Group Leader person IS the unit. Site (Saarbrücken vs Kaiserslautern) per data/raw/directories/2026-08-06/de-mpi-sws/roster.csv, confirmed there via physical office address/building on each person's own mpi-sws.org profile page."
MPI for Software Systems,Kaiserslautern,Manuel Gomez Rodriguez,independent_group,Manuel Gomez Rodriguez,Faculty (tenured),https://www.mpi-sws.org/people/manuelgr/,2026-08-06,high,"The institute's own 'Structure and Organization' text (mpi-sws.org/about-us/) states: 'The MPI for Software Systems is jointly led by its faculty, who also lead independent research groups... Selected junior candidates with strong potential have the opportunity to lead a research group for up to 5 years without the responsibilities of a faculty position.' This explicitly establishes BOTH tenured/tenure-track Faculty AND (junior, time-limited) Research Group Leaders as leaders of their own independent groups -- MPI-SWS has no departments and no named sub-teams reporting to another PI; every Faculty/Research Group Leader person IS the unit. Site (Saarbrücken vs Kaiserslautern) per data/raw/directories/2026-08-06/de-mpi-sws/roster.csv, confirmed there via physical office address/building on each person's own mpi-sws.org profile page."
MPI for Software Systems,Kaiserslautern,Krishna Gummadi,independent_group,Krishna Gummadi,Faculty (scientific director),https://www.mpi-sws.org/people/gummadi/,2026-08-06,high,"The institute's own 'Structure and Organization' text (mpi-sws.org/about-us/) states: 'The MPI for Software Systems is jointly led by its faculty, who also lead independent research groups... Selected junior candidates with strong potential have the opportunity to lead a research group for up to 5 years without the responsibilities of a faculty position.' This explicitly establishes BOTH tenured/tenure-track Faculty AND (junior, time-limited) Research Group Leaders as leaders of their own independent groups -- MPI-SWS has no departments and no named sub-teams reporting to another PI; every Faculty/Research Group Leader person IS the unit. Site (Saarbrücken vs Kaiserslautern) per data/raw/directories/2026-08-06/de-mpi-sws/roster.csv, confirmed there via physical office address/building on each person's own mpi-sws.org profile page."
MPI for Software Systems,Saarbrücken,Antoine Kaufmann,independent_group,Antoine Kaufmann,Faculty (tenure-track),https://www.mpi-sws.org/people/antoinek/,2026-08-06,high,"The institute's own 'Structure and Organization' text (mpi-sws.org/about-us/) states: 'The MPI for Software Systems is jointly led by its faculty, who also lead independent research groups... Selected junior candidates with strong potential have the opportunity to lead a research group for up to 5 years without the responsibilities of a faculty position.' This explicitly establishes BOTH tenured/tenure-track Faculty AND (junior, time-limited) Research Group Leaders as leaders of their own independent groups -- MPI-SWS has no departments and no named sub-teams reporting to another PI; every Faculty/Research Group Leader person IS the unit. Site (Saarbrücken vs Kaiserslautern) per data/raw/directories/2026-08-06/de-mpi-sws/roster.csv, confirmed there via physical office address/building on each person's own mpi-sws.org profile page."
MPI for Software Systems,Kaiserslautern,Rupak Majumdar,independent_group,Rupak Majumdar,Faculty (scientific director),https://www.mpi-sws.org/people/rupak/,2026-08-06,high,"The institute's own 'Structure and Organization' text (mpi-sws.org/about-us/) states: 'The MPI for Software Systems is jointly led by its faculty, who also lead independent research groups... Selected junior candidates with strong potential have the opportunity to lead a research group for up to 5 years without the responsibilities of a faculty position.' This explicitly establishes BOTH tenured/tenure-track Faculty AND (junior, time-limited) Research Group Leaders as leaders of their own independent groups -- MPI-SWS has no departments and no named sub-teams reporting to another PI; every Faculty/Research Group Leader person IS the unit. Site (Saarbrücken vs Kaiserslautern) per data/raw/directories/2026-08-06/de-mpi-sws/roster.csv, confirmed there via physical office address/building on each person's own mpi-sws.org profile page."
MPI for Software Systems,Saarbrücken,Joel Ouaknine,independent_group,Joel Ouaknine,Faculty (scientific director),https://www.mpi-sws.org/people/joel/,2026-08-06,high,"The institute's own 'Structure and Organization' text (mpi-sws.org/about-us/) states: 'The MPI for Software Systems is jointly led by its faculty, who also lead independent research groups... Selected junior candidates with strong potential have the opportunity to lead a research group for up to 5 years without the responsibilities of a faculty position.' This explicitly establishes BOTH tenured/tenure-track Faculty AND (junior, time-limited) Research Group Leaders as leaders of their own independent groups -- MPI-SWS has no departments and no named sub-teams reporting to another PI; every Faculty/Research Group Leader person IS the unit. Site (Saarbrücken vs Kaiserslautern) per data/raw/directories/2026-08-06/de-mpi-sws/roster.csv, confirmed there via physical office address/building on each person's own mpi-sws.org profile page."
MPI for Software Systems,Kaiserslautern,Abhilasha Ravichander,independent_group,Abhilasha Ravichander,Faculty (tenure-track),https://www.mpi-sws.org/people/aravicha/,2026-08-06,high,"The institute's own 'Structure and Organization' text (mpi-sws.org/about-us/) states: 'The MPI for Software Systems is jointly led by its faculty, who also lead independent research groups... Selected junior candidates with strong potential have the opportunity to lead a research group for up to 5 years without the responsibilities of a faculty position.' This explicitly establishes BOTH tenured/tenure-track Faculty AND (junior, time-limited) Research Group Leaders as leaders of their own independent groups -- MPI-SWS has no departments and no named sub-teams reporting to another PI; every Faculty/Research Group Leader person IS the unit. Site (Saarbrücken vs Kaiserslautern) per data/raw/directories/2026-08-06/de-mpi-sws/roster.csv, confirmed there via physical office address/building on each person's own mpi-sws.org profile page."
MPI for Software Systems,Kaiserslautern,Anne-Kathrin Schmuck,independent_group,Anne-Kathrin Schmuck,Faculty (tenure-track),https://www.mpi-sws.org/people/akschmuck/,2026-08-06,high,"The institute's own 'Structure and Organization' text (mpi-sws.org/about-us/) states: 'The MPI for Software Systems is jointly led by its faculty, who also lead independent research groups... Selected junior candidates with strong potential have the opportunity to lead a research group for up to 5 years without the responsibilities of a faculty position.' This explicitly establishes BOTH tenured/tenure-track Faculty AND (junior, time-limited) Research Group Leaders as leaders of their own independent groups -- MPI-SWS has no departments and no named sub-teams reporting to another PI; every Faculty/Research Group Leader person IS the unit. Site (Saarbrücken vs Kaiserslautern) per data/raw/directories/2026-08-06/de-mpi-sws/roster.csv, confirmed there via physical office address/building on each person's own mpi-sws.org profile page."
MPI for Software Systems,Saarbrücken,Adish Singla,independent_group,Adish Singla,Faculty (tenured),https://www.mpi-sws.org/people/adishs/,2026-08-06,high,"The institute's own 'Structure and Organization' text (mpi-sws.org/about-us/) states: 'The MPI for Software Systems is jointly led by its faculty, who also lead independent research groups... Selected junior candidates with strong potential have the opportunity to lead a research group for up to 5 years without the responsibilities of a faculty position.' This explicitly establishes BOTH tenured/tenure-track Faculty AND (junior, time-limited) Research Group Leaders as leaders of their own independent groups -- MPI-SWS has no departments and no named sub-teams reporting to another PI; every Faculty/Research Group Leader person IS the unit. Site (Saarbrücken vs Kaiserslautern) per data/raw/directories/2026-08-06/de-mpi-sws/roster.csv, confirmed there via physical office address/building on each person's own mpi-sws.org profile page."
MPI for Software Systems,Saarbrücken,Mariya Toneva,independent_group,Mariya Toneva,Faculty (tenure-track),https://www.mpi-sws.org/people/mtoneva/,2026-08-06,high,"The institute's own 'Structure and Organization' text (mpi-sws.org/about-us/) states: 'The MPI for Software Systems is jointly led by its faculty, who also lead independent research groups... Selected junior candidates with strong potential have the opportunity to lead a research group for up to 5 years without the responsibilities of a faculty position.' This explicitly establishes BOTH tenured/tenure-track Faculty AND (junior, time-limited) Research Group Leaders as leaders of their own independent groups -- MPI-SWS has no departments and no named sub-teams reporting to another PI; every Faculty/Research Group Leader person IS the unit. Site (Saarbrücken vs Kaiserslautern) per data/raw/directories/2026-08-06/de-mpi-sws/roster.csv, confirmed there via physical office address/building on each person's own mpi-sws.org profile page."
MPI for Software Systems,Kaiserslautern,Viktor Vafeiadis,independent_group,Viktor Vafeiadis,Faculty (tenured),https://www.mpi-sws.org/people/viktor/,2026-08-06,high,"The institute's own 'Structure and Organization' text (mpi-sws.org/about-us/) states: 'The MPI for Software Systems is jointly led by its faculty, who also lead independent research groups... Selected junior candidates with strong potential have the opportunity to lead a research group for up to 5 years without the responsibilities of a faculty position.' This explicitly establishes BOTH tenured/tenure-track Faculty AND (junior, time-limited) Research Group Leaders as leaders of their own independent groups -- MPI-SWS has no departments and no named sub-teams reporting to another PI; every Faculty/Research Group Leader person IS the unit. Site (Saarbrücken vs Kaiserslautern) per data/raw/directories/2026-08-06/de-mpi-sws/roster.csv, confirmed there via physical office address/building on each person's own mpi-sws.org profile page."
MPI for Software Systems,Kaiserslautern,Georg Zetzsche,independent_group,Georg Zetzsche,Faculty (tenured),https://www.mpi-sws.org/people/georg/,2026-08-06,high,"The institute's own 'Structure and Organization' text (mpi-sws.org/about-us/) states: 'The MPI for Software Systems is jointly led by its faculty, who also lead independent research groups... Selected junior candidates with strong potential have the opportunity to lead a research group for up to 5 years without the responsibilities of a faculty position.' This explicitly establishes BOTH tenured/tenure-track Faculty AND (junior, time-limited) Research Group Leaders as leaders of their own independent groups -- MPI-SWS has no departments and no named sub-teams reporting to another PI; every Faculty/Research Group Leader person IS the unit. Site (Saarbrücken vs Kaiserslautern) per data/raw/directories/2026-08-06/de-mpi-sws/roster.csv, confirmed there via physical office address/building on each person's own mpi-sws.org profile page."
MPI for Software Systems,Saarbrücken,Laurent Bindschaedler,independent_group,Laurent Bindschaedler,Research Group Leader,https://www.mpi-sws.org/people/bindsch/,2026-08-06,high,"The institute's own 'Structure and Organization' text (mpi-sws.org/about-us/) states: 'The MPI for Software Systems is jointly led by its faculty, who also lead independent research groups... Selected junior candidates with strong potential have the opportunity to lead a research group for up to 5 years without the responsibilities of a faculty position.' This explicitly establishes BOTH tenured/tenure-track Faculty AND (junior, time-limited) Research Group Leaders as leaders of their own independent groups -- MPI-SWS has no departments and no named sub-teams reporting to another PI; every Faculty/Research Group Leader person IS the unit. Site (Saarbrücken vs Kaiserslautern) per data/raw/directories/2026-08-06/de-mpi-sws/roster.csv, confirmed there via physical office address/building on each person's own mpi-sws.org profile page."
MPI for Software Systems,Saarbrücken,Nina Grgic-Hlaca,independent_group,Nina Grgic-Hlaca,Research Group Leader,https://www.mpi-sws.org/people/nghlaca/,2026-08-06,high,"The institute's own 'Structure and Organization' text (mpi-sws.org/about-us/) states: 'The MPI for Software Systems is jointly led by its faculty, who also lead independent research groups... Selected junior candidates with strong potential have the opportunity to lead a research group for up to 5 years without the responsibilities of a faculty position.' This explicitly establishes BOTH tenured/tenure-track Faculty AND (junior, time-limited) Research Group Leaders as leaders of their own independent groups -- MPI-SWS has no departments and no named sub-teams reporting to another PI; every Faculty/Research Group Leader person IS the unit. Site (Saarbrücken vs Kaiserslautern) per data/raw/directories/2026-08-06/de-mpi-sws/roster.csv, confirmed there via physical office address/building on each person's own mpi-sws.org profile page."
MPI for Software Systems,Kaiserslautern,Aditya Potukuchi,independent_group,Aditya Potukuchi,Research Group Leader,https://www.mpi-sws.org/people/apotu/,2026-08-06,high,"The institute's own 'Structure and Organization' text (mpi-sws.org/about-us/) states: 'The MPI for Software Systems is jointly led by its faculty, who also lead independent research groups... Selected junior candidates with strong potential have the opportunity to lead a research group for up to 5 years without the responsibilities of a faculty position.' This explicitly establishes BOTH tenured/tenure-track Faculty AND (junior, time-limited) Research Group Leaders as leaders of their own independent groups -- MPI-SWS has no departments and no named sub-teams reporting to another PI; every Faculty/Research Group Leader person IS the unit. Site (Saarbrücken vs Kaiserslautern) per data/raw/directories/2026-08-06/de-mpi-sws/roster.csv, confirmed there via physical office address/building on each person's own mpi-sws.org profile page."
MPI for Software Systems,Saarbrücken,Goran Radanovic,independent_group,Goran Radanovic,Research Group Leader,https://www.mpi-sws.org/people/gradanovic/,2026-08-06,high,"The institute's own 'Structure and Organization' text (mpi-sws.org/about-us/) states: 'The MPI for Software Systems is jointly led by its faculty, who also lead independent research groups... Selected junior candidates with strong potential have the opportunity to lead a research group for up to 5 years without the responsibilities of a faculty position.' This explicitly establishes BOTH tenured/tenure-track Faculty AND (junior, time-limited) Research Group Leaders as leaders of their own independent groups -- MPI-SWS has no departments and no named sub-teams reporting to another PI; every Faculty/Research Group Leader person IS the unit. Site (Saarbrücken vs Kaiserslautern) per data/raw/directories/2026-08-06/de-mpi-sws/roster.csv, confirmed there via physical office address/building on each person's own mpi-sws.org profile page."
MPI for Software Systems,Kaiserslautern,Sadegh Soudjani,independent_group,Sadegh Soudjani,Research Group Leader,https://www.mpi-sws.org/people/sadegh/,2026-08-06,high,"The institute's own 'Structure and Organization' text (mpi-sws.org/about-us/) states: 'The MPI for Software Systems is jointly led by its faculty, who also lead independent research groups... Selected junior candidates with strong potential have the opportunity to lead a research group for up to 5 years without the responsibilities of a faculty position.' This explicitly establishes BOTH tenured/tenure-track Faculty AND (junior, time-limited) Research Group Leaders as leaders of their own independent groups -- MPI-SWS has no departments and no named sub-teams reporting to another PI; every Faculty/Research Group Leader person IS the unit. Site (Saarbrücken vs Kaiserslautern) per data/raw/directories/2026-08-06/de-mpi-sws/roster.csv, confirmed there via physical office address/building on each person's own mpi-sws.org profile page."
MPI for Software Systems,Saarbrücken,Mikhail Starchak,independent_group,Mikhail Starchak,Research Group Leader,https://www.mpi-sws.org/people/starchak/,2026-08-06,high,"The institute's own 'Structure and Organization' text (mpi-sws.org/about-us/) states: 'The MPI for Software Systems is jointly led by its faculty, who also lead independent research groups... Selected junior candidates with strong potential have the opportunity to lead a research group for up to 5 years without the responsibilities of a faculty position.' This explicitly establishes BOTH tenured/tenure-track Faculty AND (junior, time-limited) Research Group Leaders as leaders of their own independent groups -- MPI-SWS has no departments and no named sub-teams reporting to another PI; every Faculty/Research Group Leader person IS the unit. Site (Saarbrücken vs Kaiserslautern) per data/raw/directories/2026-08-06/de-mpi-sws/roster.csv, confirmed there via physical office address/building on each person's own mpi-sws.org profile page."
MPI for Software Systems,Kaiserslautern,Anthony Lin,independent_group,Anthony Lin,Max Planck Fellow,https://www.mpi-sws.org/people/awlin/,2026-08-06,high,"The institute's own 'Structure and Organization' text (mpi-sws.org/about-us/) states: 'The MPI for Software Systems is jointly led by its faculty, who also lead independent research groups... Selected junior candidates with strong potential have the opportunity to lead a research group for up to 5 years without the responsibilities of a faculty position.' This explicitly establishes BOTH tenured/tenure-track Faculty AND (junior, time-limited) Research Group Leaders as leaders of their own independent groups -- MPI-SWS has no departments and no named sub-teams reporting to another PI; every Faculty/Research Group Leader person IS the unit. Site (Saarbrücken vs Kaiserslautern) per data/raw/directories/2026-08-06/de-mpi-sws/roster.csv, confirmed there via physical office address/building on each person's own mpi-sws.org profile page. Own homepage additionally states he is 'Full Professor (W3) in Theoretical Computer Science (Automated Reasoning) and Max-Planck Fellow at University of Kaiserslautern-Landau' -- primary post is the RPTU chair, MPI Fellow is the secondary/joint appointment, but Max Planck Fellows direct an independent research group at the host institute so this is recorded as independent_group, not honorary."
MPI for Software Systems,Saarbrücken,Isabel Valera Martinez,unclear,Isabel Valera Martinez,Adjunct Faculty,https://www.mpi-sws.org/people/ivalera/,2026-08-06,low,"Primary appointment is Professor of Machine Learning, Saarland University; her own homepage states she is 'Adjunct Faculty at MPI for Software Systems in Saarbrücken'. The institute's Structure-and-Organization text addresses only 'faculty' and (junior) 'research group leaders' as independent-group leaders; it does not say whether Adjunct Faculty lead an independent MPI-SWS group of their own, so this is left unclear rather than assumed."
MPI for Software Systems,unclear,Elissa Redmiles,unclear,Elissa Redmiles,Adjunct Faculty,https://www.mpi-sws.org/people/eredmiles/,2026-08-06,low,MPI-SWS profile lists no physical address and gives title 'Adjunct Faculty' with no named group; primary appointment appears to be Georgetown University per external search (not stated on the MPI-SWS page itself). Institute's own Structure text does not address Adjunct Faculty group-leading status; left unclear.
MPI for Software Systems,unclear,Rodrigo Rodrigues,unclear,Rodrigo Rodrigues,Adjunct Faculty,https://www.mpi-sws.org/people/rodrigo/,2026-08-06,low,MPI-SWS profile lists no physical address and gives title 'Adjunct Faculty' with no named group; external sources indicate he previously led the Dependable Systems Group at MPI-SWS and his primary post is now Instituto Superior Técnico (ULisboa)/INESC-ID. Institute's own Structure text does not address Adjunct Faculty group-leading status; left unclear.
MPI for Informatics,Saarbrücken,D1 Algorithms and Complexity,department,Danupon Na Nongkai,Director,https://www.mpi-inf.mpg.de/departments/algorithms-complexity,2026-08-06,high,"One of six departments (D1-D6) listed on mpi-inf.mpg.de/departments, which also separately lists three 'Independent Research Groups' RG1-RG3. D1's own 'Research Areas' section lists topics with no other named group leaders; other senior D1 researchers checked on 2026-08-06 (Karl Bringmann, Tomasz Kociumaka, Andreas Karrenbauer, Karol Wegrzycki, Guy Even) have no 'leads/heads a group' language on their pages, so no subteam rows are recorded for D1."
MPI for Informatics,Saarbrücken,D2 Computer Vision and Machine Learning,department,Bernt Schiele,Director,https://www.mpi-inf.mpg.de/departments/computer-vision-and-machine-learning,2026-08-06,high,"One of six departments. Own page (quoted verbatim): 'The computer vision and machine learning department was founded by Bernt Schiele in 2010 and currently consists of five research groups headed by Jonas Fischer, Margret Keuper, Jan Eric Lenssen, Gerard Pons-Moll, and Bernt Schiele' -- i.e. the director personally heads one of five named internal sub-groups; the other four (Fischer, Keuper, Lenssen, Pons-Moll) are recorded below as subteam, since none of the four group names appears on the institute's separate RG1-RG3 independent-group list on mpi-inf.mpg.de/departments."
MPI for Informatics,Saarbrücken,D3 Internet Architecture,department,Anja Feldmann,Director,https://www.mpi-inf.mpg.de/departments/inet,2026-08-06,high,"One of six departments -- the one silently dropped by an earlier pass that enumerated only D1, D2, D4, D5, D6 (see AGENT_CONTRACT.md). Own page shows a flat structure: the director plus senior researchers (Tobias Fiebig, Ha Dao Thi Thu, Johannes Zirngibl and others) organized by research topic (Internet Security, Video streaming, VPN...), not by named sub-groups with their own leaders; no subteam rows recorded for D3."
MPI for Informatics,Saarbrücken,D4 Computer Graphics,department,Hans-Peter Seidel,Director,https://www.mpi-inf.mpg.de/departments/computer-graphics,2026-08-06,high,"One of six departments. Own page pictures five named research groups (Myszkowski, Strohmeier, Babaei, Singh, Leimkühler) heading sub-groups within the department (photo+name+link gallery layout); none of the five appears on the institute's RG1-RG3 independent-group list, so all five are recorded below as subteam."
MPI for Informatics,Saarbrücken,D5 Databases and Information Systems,department,Gerhard Weikum,Scientific Director,https://people.mpi-inf.mpg.de/~weikum/,2026-08-06,high,"One of six departments; per 2026-08-06 scrape the department is officially phasing out ('I am officially retired, and my professional activities are limited. In particular, I cannot take any new students or postdocs' -- Weikum's own page) and its people/current-members listing shows no other researcher heading a group, so no subteam rows are recorded for D5."
MPI for Informatics,Saarbrücken,D6 Visual Computing and Artificial Intelligence,department,Christian Theobalt,Director,https://www.mpi-inf.mpg.de/departments/visual-computing-and-artificial-intelligence,2026-08-06,high,"One of six departments. Own page names five research groups (Golyanik, Leimkühler [co-affiliated with D4], Habermann, Kortylewski, Dabral); none appears on the RG1-RG3 independent list, so all are recorded below as subteam (Leimkühler is recorded once, under D4, to avoid double-counting his cross-affiliated group)."
MPI for Informatics,Saarbrücken,RG1 Automation of Logic,independent_group,Christoph Weidenbach,Head,https://www.mpi-inf.mpg.de/departments/automation-of-logic,2026-08-06,high,"Listed as one of three 'Independent Research Groups' (RG1-RG3) on mpi-inf.mpg.de/departments, structurally parallel to but explicitly distinct from the six D1-D6 departments. Own group page (2026-08-06 scrape): 'Headed by Prof. Dr. Christoph Weidenbach... Head of research group Automation of Logic'; also Adjunct Professor, Saarland University, since 2007. Other RG1-pictured researchers (Bromberger, Sturm, Tourret, Waldmann) are titled senior researcher / CNRS research director / guest researcher, none described as leading their own group, so no further RG1 rows."
MPI for Informatics,Saarbrücken,RG2 Network and Cloud Systems,independent_group,Yiting Xia,Head,https://www.mpi-inf.mpg.de/departments/network-and-cloud-systems,2026-08-06,high,"One of the institute's three independent research groups on mpi-inf.mpg.de/departments. Own group page: 'Headed by Dr. Yiting Xia'; her own site states 'I am a tenure-track faculty at Max Planck Institute for Informatics (MPI-INF), where I lead the network and cloud systems research group.'"
MPI for Informatics,Saarbrücken,RG3 Multimodal Language Processing,independent_group,Vera Demberg,Head,https://www.mpi-inf.mpg.de/departments/mlp,2026-08-06,high,"One of the institute's three independent research groups on mpi-inf.mpg.de/departments. Own group page: 'Headed by Prof. Dr. Vera Demberg'; her own site describes her as 'Max Planck Fellow at the MPI for Informatics (since 2024)' and Professor of Computer Science and Computational Linguistics, Saarland University, since 2016."
MPI for Informatics,Saarbrücken,Explainable Machine Learning (D2 sub-group),subteam,Jonas Fischer,Research Leader,https://www.mpi-inf.mpg.de/departments/computer-vision-and-machine-learning/people/jonas-fischer/,2026-08-06,high,"Named as one of D2's five internal research groups on the department page ('headed by Jonas Fischer...'), but 'Explainable Machine Learning' is not among the institute's three independent research groups (RG1-RG3) listed separately on mpi-inf.mpg.de/departments; reports within Bernt Schiele's D2 department. Own page: 'I am heading the Explainable Machine Learning group in the Department for Computer Vision and Machine Learning.'"
MPI for Informatics,Saarbrücken,Robust Visual Learning (D2 sub-group),subteam,Margret Keuper,Research Leader,https://www.mpi-inf.mpg.de/departments/computer-vision-and-machine-learning/people/margret-keuper/,2026-08-06,high,Named as one of D2's five internal research groups on the department page; not among RG1-RG3. Reports within Schiele's D2 department. Own MPI-INF page: 'Margret Keuper (Research Leader)'.
MPI for Informatics,Saarbrücken,Geometric Representation Learning / Visual Intelligence & Perception (D2 sub-group),subteam,Jan Eric Lenssen,Group Leader,https://www.mpi-inf.mpg.de/departments/computer-vision-and-machine-learning/people/jan-eric-lenssen/,2026-08-06,medium,"Named as one of D2's five internal research groups on the department page; not among RG1-RG3. His group's own site (vip.mpi-inf.mpg.de) now gives his title as 'Prof. Dr. Jan Eric Lenssen' following appointment as Full Professor at Saarland University and the group's rename to 'Visual Intelligence & Perception' -- an external professorship that does not change the group's status on MPI-INF's own department page (still listed under D2, not RG1-RG3)."
MPI for Informatics,Saarbrücken,Real Virtual Humans (D2 sub-group),subteam,Gerard Pons-Moll,Senior Researcher,https://www.mpi-inf.mpg.de/departments/computer-vision-and-machine-learning/people/gerard-pons-moll/,2026-08-06,high,Named as one of D2's five internal research groups on the department page; not among RG1-RG3. Own MPI-INF page lists him only as 'Senior Researcher' with a link to his 'Group Homepage' (virtualhumans.mpi-inf.mpg.de).
MPI for Informatics,Saarbrücken,Computational Linguistics (pictured on D2 page),unclear,Alexander Koller,Professor by courtesy of Computer Science and Associate Faculty at MPI-INF (own page); primary post Professor at Saarland University,https://www.mpi-inf.mpg.de/departments/computer-vision-and-machine-learning,2026-08-06,medium,"Pictured in the D2 department page's group-leader photo gallery alongside the other four named group heads (same photo+name+link layout), but the department's own summary sentence ('consists of five research groups headed by Fischer, Keuper, Lenssen, Pons-Moll, and Schiele') does not include him -- an internal inconsistency on the institute's own page. His own page frames Saarland University as his primary post and MPI-INF as a courtesy/associate role. Recorded unclear rather than resolved either way; also flagged as a likely double-count against a Saarland University roster."
MPI for Informatics,Saarbrücken,"HDR Imaging, Perception, and Advanced Displays (D4 sub-group)",subteam,Karol Myszkowski,(no formal title stated on own page; pictured as group head on D4 department page),https://www.mpi-inf.mpg.de/departments/computer-graphics,2026-08-06,medium,"Named as one of D4's internal research groups on the department page (photo+name+link layout); not among RG1-RG3. Reports within Hans-Peter Seidel's D4 department. His personal MPI-INF homepage is an old, partly unfilled template with no explicit job title."
MPI for Informatics,Saarbrücken,Sensorimotor Interaction / senSInt (D4 sub-group),subteam,Paul Strohmeier,(no formal title stated; own group site: 'led by Paul Strohmeier'),http://sensint.mpi-inf.mpg.de,2026-08-06,medium,"Named as one of D4's internal research groups; not among RG1-RG3. Own group site: 'The Sensorimotor Interaction group (senSInt) is a newly formed research group at the Max Planck Institute for Informatics (MPI-INF)... co-located with the Human Computer Interaction Lab of Saarland University' -- institutionally still a D4 sub-group, not an institute-level independent group."
MPI for Informatics,Saarbrücken,Artificial Intelligence aided Design and Manufacturing / AIDAM (D4 sub-group),subteam,Vahid Babaei,Senior Researcher,https://aidam.mpi-inf.mpg.de/?view=people,2026-08-06,high,"Named as one of D4's internal research groups; not among RG1-RG3. AIDAM's own people page lists 'Vahid Babaei Senior Researcher' as group head, followed by PhD students/engineers reporting to him."
MPI for Informatics,Saarbrücken,Sampling and Rendering (D4 sub-group),subteam,Gurprit Singh,(no formal title stated; own page: 'I am leading the sampling and rendering group in the computer graphics department'),https://www.mpi-inf.mpg.de/departments/computer-graphics,2026-08-06,medium,Named as one of D4's internal research groups; not among RG1-RG3. Reports within Seidel's D4 department.
MPI for Informatics,Saarbrücken,"Image Synthesis and Machine Learning (D4 sub-group, co-affiliated D6)",subteam,Thomas Leimkühler,Group Leader,https://www.mpi-inf.mpg.de/departments/computer-graphics,2026-08-06,high,Pictured on both the D4 and D6 department pages (D4 page captions him 'co-affiliated with D6'); own group site (ismael.mpi-inf.mpg.de) gives title 'Group Leader' and departmental affiliation 'Computer Graphics • Visual Computing and Artificial Intelligence'. Not among RG1-RG3. Recorded once here (under D4) to avoid double-counting; see the D6 department row note for the cross-affiliation.
MPI for Informatics,Saarbrücken,4D and Quantum Vision / 4DQV (D6 sub-group),subteam,Vladislav Golyanik,(no formal MPI-INF title; own group site: 'led by Dr. Vladislav Golyanik'),https://4dqv.mpi-inf.mpg.de,2026-08-06,high,Named as one of D6's internal research groups; not among RG1-RG3. As of 2026-04-01 also Acting Professor (Chair for Visual AI for Extended Reality) at Bielefeld University per own site -- an external appointment that does not change the group's D6 sub-team status on MPI-INF's own department page.
MPI for Informatics,Saarbrücken,Graphics and Vision for Digital Humans / GVDH (D6 sub-group),subteam,Marc Habermann,Research group leader,https://gvdh.mpi-inf.mpg.de/index.html,2026-08-06,high,"Named as one of D6's internal research groups; not among RG1-RG3. Own site gives verbatim title 'Research group leader' and notes a Saarland University Associate Fellow appointment since 2025-05-16 (external, secondary appointment)."
MPI for Informatics,Saarbrücken,Generative Intelligence (D6 sub-group),subteam,Adam Kortylewski,Group Leader,https://www.mpi-inf.mpg.de/departments/visual-computing-and-artificial-intelligence/people,2026-08-06,medium,"Named as one of D6's internal research groups on MPI-INF's own current-staff listing (fetched 2026-08-06); not among RG1-RG3. CAUTION: his own lab site (genintel.de) states '[Oct 2025] Our lab moved to CISPA!', implying a possible relocation to CISPA Helmholtz Center; MPI-INF's own site had not been updated to reflect this as of the evidence date, so the discrepancy is unresolved."
MPI for Informatics,Saarbrücken,3D Visual Intelligence (D6 sub-group),subteam,Rishabh Dabral,"Research Group Leader, MPI for Informatics",https://rishabhdabral.github.io/,2026-08-06,high,"Named as one of D6's internal research groups; not among RG1-RG3. Own page: 'I lead the ""3D Visual Intelligence"" Research Group at the Max Planck Institute for Informatics.'"
