name,title_verbatim,group_or_dept,campus,other_affiliations,personal_url,evidence_url,notes
Achim Lilienthal,Prof. Dr.,Lehrstuhl für Perception for Intelligent Systems,Munich city centre,Munich Center for Machine Learning (MCML),https://www.ce.cit.tum.de/pins/startseite/,https://campus.tum.de/tumonline/visitenkarte.show_vcard?pPersonenId=6F846EED5618D470&pPersonenGruppe=3,"Address per TUMonline vCard: 80992 München, Georg-Brauchle-Ring 62."
Alessio Gagliardi,Prof. Dr. rer. nat.,Professur für Simulation von Nanosystemen für Energiewandlungen,Garching,,https://www.ee.cit.tum.de/sne,https://campus.tum.de/tumonline/visitenkarte.show_vcard?pPersonenId=6990AC98818D0A4F&pPersonenGruppe=3,"Address per TUMonline vCard: 85748 Garching b. München, Hans-Piloty-Str.    1/III (TUEISNE)."
Alexander Fraser,Prof. Dr.,Lehrstuhl für Data Analytics & Statistics,Heilbronn,Munich Center for Machine Learning (MCML),https://alexfraser.github.io,https://campus.tum.de/tumonline/visitenkarte.show_vcard?pPersonenId=D2EC663DE586CD9A&pPersonenGruppe=3,"Address per TUMonline vCard: 74076 Heilbronn, Bildungscampus    2."
Alexander König,Prof. Dr. M.Sc.,Lehrstuhl für Robotik und Systemintelligenz,Munich city centre,,https://www.ce.cit.tum.de/rsi/,https://campus.tum.de/tumonline/visitenkarte.show_vcard?pPersonenId=F6BBC641019F091B&pPersonenGruppe=3,"Address per TUMonline vCard: 80992 München, Georg-Brauchle-Ring 60_62/I (Lst. für Robotik und Systemintelligenz)."
Alexander Pretschner,Prof. Dr.,Lehrstuhl für Software & Systems Engineering,Garching,,https://www.cs.cit.tum.de/sse/startseite/,https://campus.tum.de/tumonline/visitenkarte.show_vcard?pPersonenId=0DB21F05BD46AFEE&pPersonenGruppe=3,"Address per TUMonline vCard: 85748 Garching b. München, Boltzmannstr.    3."
Ali Sunyaev,Prof. Dr. rer. nat.,Lehrstuhl für Informationsinfrastrukturen,Heilbronn,,http://www.cs.cit.tum.de/ii/,https://campus.tum.de/tumonline/visitenkarte.show_vcard?pPersonenId=7476D81B96E50CEA&pPersonenGruppe=3,"Address per TUMonline vCard: 74076 Heilbronn, Bildungscampus    2."
Alin Olimpiu Albu-Schäffer,Prof. Dr.-Ing.,Lehrstuhl für Sensorbasierte Robotersysteme und intelligente Assistenzsysteme,unclear,"DLR (German Aerospace Center), Institute of Robotics and Mechatronics (Director)",https://www.robotic.dlr.de,https://campus.tum.de/tumonline/visitenkarte.show_vcard?pPersonenId=6E0408F2712A90CA&pPersonenGruppe=3,"Address per TUMonline vCard: 82234 Weßling, Münchner Straße 20. Registered office is outside TUM's five named campuses (DLR Oberpfaffenhofen, Weßling); campus marked unclear per instructions."
Alois Christian Knoll,Prof. Dr.-Ing. habil.,"Lehrstuhl für Robotik, Künstliche Intelligenz und Echtzeitsysteme",Garching,,https://www.ce.cit.tum.de/air/home/,https://campus.tum.de/tumonline/visitenkarte.show_vcard?pPersonenId=1AE394A566BFB49C&pPersonenGruppe=3,"Address per TUMonline vCard: 85748 Garching b. München, Boltzmannstr.    3/III."
Amelie Hagelauer,Prof. Dr.-Ing.,Lehrstuhl für Mikro- und Nanosystemtechnik,Garching,,https://www.ee.cit.tum.de/mnt/startseite/,https://campus.tum.de/tumonline/visitenkarte.show_vcard?pPersonenId=8BBFF01339341946&pPersonenGruppe=3,"Address per TUMonline vCard: 85748 Garching b. München, Hans-Piloty-Str.    1/II (Lst. Mikro- und Nanosystemtechnik)."
Amr Abdelhafez,Prof. Dr. rer. nat.,Professur für Cyber-Physical Systems,Heilbronn,,https://www.ce.cit.tum.de/en/ce/research/professorships/hncps/,https://campus.tum.de/tumonline/visitenkarte.show_vcard?pPersonenId=5C63F7FD827C4D63&pPersonenGruppe=3,"Address per TUMonline vCard: 74076 Heilbronn, Bildungscampus    2."
Andrea Stocco,Prof. Dr.,Technische Universität München,Munich city centre,,https://www.cs.cit.tum.de/sse/stocco/,https://campus.tum.de/tumonline/visitenkarte.show_vcard?pPersonenId=A01F0B3AF661A080&pPersonenGruppe=3,"Address per TUMonline vCard: 80333 München, Arcisstr.   21. Additional TUM org listed: TUS1302 Informatik 4 - Professur für Software Engineering für datenintensive Anwendungen (Prof. Stocco)."
Andreas Herkersdorf,Prof. Dr.,Lehrstuhl für Integrierte Systeme,Munich city centre,,http://www.lis.ei.tum.de/,https://campus.tum.de/tumonline/visitenkarte.show_vcard?pPersonenId=CE6105D4B551893D&pPersonenGruppe=3,"Address per TUMonline vCard: 80333 München, Theresienstr.   90/II (Integrierte Systeme)."
Andreas Obersteiner,Prof. Dr.,Didaktik der Mathematik,Munich city centre,Primary appointment: TUM School of Social Sciences and Technology,https://www.edu.sot.tum.de/ma/team/mitarbeiter-innen/prof-obersteiner/,https://campus.tum.de/tumonline/visitenkarte.show_vcard?pPersonenId=A8FF7702C9ECFDE1&pPersonenGruppe=3,"Listed under CIT 'Zweitmitglieder' (secondary members) on https://www.cit.tum.de/cit/school/personen/professuren/ ; primary school per professoren.tum.de: TUM School of Social Sciences and Technology. Address per TUMonline vCard: 80333 München, Arcisstr.   21."
Andreas Schulz,Prof. Dr. rer. nat.,Lehrstuhl für Operations Research,Munich city centre,"Primary appointment: TUM School of Management (Operations Research chair; also appears in CIT Zweitmitglieder list as ""Andreas S. Schulz"")",https://www.or.tum.de,https://campus.tum.de/tumonline/visitenkarte.show_vcard?pPersonenId=ABFA9B06147F16C6&pPersonenGruppe=3,"Address per TUMonline vCard: 80333 München, Arcisstrasse 21 (Lehrstuhl für Operations Research). Same person_id also appears under CIT Zweitmitglieder list as ""Andreas S. Schulz"" (professoren.tum.de); treated as one person, primary-member entry kept."
Andreas Wiese,Prof. Dr. rer. nat.,Professur für Diskrete Mathematik und Kombinatorische Optimierung,Garching,,https://www.math.cit.tum.de/math/personen/professuren/wiese-andreas/,https://campus.tum.de/tumonline/visitenkarte.show_vcard?pPersonenId=6CCF08900F9C78E9&pPersonenGruppe=3,"Address per TUMonline vCard: 85748 Garching b. München, Boltzmannstr.    3/II."
Angela Dai,Prof. Dr. Ph.D.,Professur für 3D Artificial Intelligence,Garching,Munich Center for Machine Learning (MCML),https://www.3dunderstanding.org/,https://campus.tum.de/tumonline/visitenkarte.show_vcard?pPersonenId=855090D822C5409A&pPersonenGruppe=3,"Address per TUMonline vCard: 85748 Garching b. München, Boltzmannstr.    3/II."
Angela Schöllig,Prof. Dr.sc. ETH Zürich,"Lehrstuhl für Sicherheit, Performanz und Zuverlässigkeit für lernende Systeme",Munich city centre,Munich Center for Machine Learning (MCML),https://www.ce.cit.tum.de/lsy/,https://campus.tum.de/tumonline/visitenkarte.show_vcard?pPersonenId=43906B8D455EC438&pPersonenGruppe=3,"Address per TUMonline vCard: 80333 München, Theresienstr.   90 (LS Lernende Systeme)."
Antonia Wachter-Zeh,Prof. Dr.-Ing.,Professur für Codierung und Kryptographie,Munich city centre,,https://www.lnt.ei.tum.de/en/people/professors/wachter-zeh/,https://campus.tum.de/tumonline/visitenkarte.show_vcard?pPersonenId=9E629B101EE99C70&pPersonenGruppe=3,"Address per TUMonline vCard: 80333 München, Theresienstr.   90/II (Professur für Codierung Kryptographie)."
Barbara Wohlmuth,Prof. Dr. rer. nat.,Lehrstuhl für Numerische Mathematik,Garching,,https://www.math.cit.tum.de/math/forschung/gruppen/numerical-analysis/,https://campus.tum.de/tumonline/visitenkarte.show_vcard?pPersonenId=5EE13E0A2C5026D1&pPersonenGruppe=3,"Address per TUMonline vCard: 85748 Garching b. München, Boltzmannstr.    3/III."
Benedikt Wiestler,Prof. Dr.,AI for Image-Guided Diagnosis and Therapy,Munich city centre,Primary appointment: TUM School of Medicine and Health,,https://campus.tum.de/tumonline/visitenkarte.show_vcard?pPersonenId=5A72DBCFFBFFA9F3&pPersonenGruppe=3,"Listed under CIT 'Zweitmitglieder' (secondary members) on https://www.cit.tum.de/cit/school/personen/professuren/ ; primary school per professoren.tum.de: TUM School of Medicine and Health. Address per TUMonline vCard: 81675 München, Ismaningerstr. 22."
Benjamin Nuß,Prof. Dr.-Ing.,Professur für Mikrowellensensoren und Sensorsysteme,Munich city centre,,https://www.ee.cit.tum.de/mws/,https://campus.tum.de/tumonline/visitenkarte.show_vcard?pPersonenId=975406360E0785FE&pPersonenGruppe=3,"Address per TUMonline vCard: 80333 München, Theresienstr.   90."
Berna Özkale Edelmann,Prof. Dr.,Professur für Nano- and Microrobotics,Garching,,https://www.ee.cit.tum.de/en/rmn/home/,https://campus.tum.de/tumonline/visitenkarte.show_vcard?pPersonenId=932D1F13AF8CFE22&pPersonenGruppe=3,"Address per TUMonline vCard: 85748 Garching b. München, Hans-Piloty-Str.    1 (Hausadresse TUEIRMN)."
Bernd Finkbeiner,Prof. Ph.D.,Lehrstuhl für Verifikation und Synthese von reaktiven Systemen,Garching,,https://rct.cit.tum.de/people/finkbeiner/,https://campus.tum.de/tumonline/visitenkarte.show_vcard?pPersonenId=F493F8D2C936D22B&pPersonenGruppe=3,"Address per TUMonline vCard: 85748 Garching b. München, Boltzmannstr.    3 (Standort Garching FMI Gebäude). Additional TUM org listed: TUS1326 Lehrstuhl für Verifikation und Synthese von reaktiven Systemen (Prof. Finkbeiner)."
Bernhard Seeber,Prof. Dr.-Ing.,Professur für Audio-Signalverarbeitung,Munich city centre,,https://www.ce.cit.tum.de/aip,https://campus.tum.de/tumonline/visitenkarte.show_vcard?pPersonenId=8DD6C79A905DFE42&pPersonenGruppe=3,"Address per TUMonline vCard: 80333 München, Theresienstr.   90/VI (Professur für Audio-Signalverarbeitung)."
Bernhard Wolfrum,Prof. Dr. rer. nat.,Professur für Neuroelektronik,Garching,,http://www.nel.ei.tum.de,https://campus.tum.de/tumonline/visitenkarte.show_vcard?pPersonenId=B9780C4E5EE7082D&pPersonenGruppe=3,"Address per TUMonline vCard: 85748 Garching b. München, Hans-Piloty-Str.    1/II (Professur für Neuroelektronik)."
Berthold Bäuml,Prof. Dr.-Ing.,Professur für Learning AI for Dextrous Robots,Garching,"DLR (German Aerospace Center), Institute of Robotics and Mechatronics",https://aidx-lab.org,https://campus.tum.de/tumonline/visitenkarte.show_vcard?pPersonenId=716BA3488FEBED66&pPersonenGruppe=3,"Address per TUMonline vCard: 85748 Garching b. München, Friedrich-Ludwig-Bauer-Str.    3/II."
Björn Schuller,Prof. Dr.,Health Informatics,Munich city centre,Primary appointment: TUM School of Medicine and Health,https://www.schuller.one,https://campus.tum.de/tumonline/visitenkarte.show_vcard?pPersonenId=C81D6E2A817253F0&pPersonenGruppe=3,"Listed under CIT 'Zweitmitglieder' (secondary members) on https://www.cit.tum.de/cit/school/personen/professuren/ ; primary school per professoren.tum.de: TUM School of Medicine and Health, TUM School of Computation, Information and Technology. Address per TUMonline vCard: 80333 München, Arcisstr.   21 (Hauptstandort)."
Boris Lohmann,Prof. Dr.-Ing.,Regelungstechnik,Garching,Primary appointment: TUM School of Engineering and Design,https://www.rt.mw.tum.de,https://campus.tum.de/tumonline/visitenkarte.show_vcard?pPersonenId=C4B6234ADD394944&pPersonenGruppe=3,"Listed under CIT 'Zweitmitglieder' (secondary members) on https://www.cit.tum.de/cit/school/personen/professuren/ ; primary school per professoren.tum.de: TUM School of Engineering and Design. Address per TUMonline vCard: 85748 Garching b. München, Boltzmannstr.   15."
Boris Vexler,Prof. Dr. rer. nat.,Lehrstuhl für Optimalsteuerung,Garching,,https://www.math.cit.tum.de/math/vexler,https://campus.tum.de/tumonline/visitenkarte.show_vcard?pPersonenId=F1C45C8297BE5A0A&pPersonenGruppe=3,"Address per TUMonline vCard: 85748 Garching b. München, Boltzmannstr.    3."
Burkhard Rost,Prof. Dr.,Lehrstuhl für Bioinformatik,Garching,,http://www.rostlab.org/,https://campus.tum.de/tumonline/visitenkarte.show_vcard?pPersonenId=6484F634B7468977&pPersonenGruppe=3,"Address per TUMonline vCard: 85748 Garching b. München, Boltzmannstr.    3/I."
Can Dincer,Prof. Dr.-Ing.,Professur für Sensors and Wearables for Healthcare,Garching,,https://www.ee.cit.tum.de/sen,https://campus.tum.de/tumonline/visitenkarte.show_vcard?pPersonenId=7BD2759EE7022D26&pPersonenGruppe=3,"Address per TUMonline vCard: 85748 Garching b. München, Hans-Piloty-Str.    1."
Caroline Lasser,Prof. Dr.,Professur für Numerik Partieller Differentialgleichungen,Garching,,https://www.math.cit.tum.de/math/personen/professuren/lasser-caroline/,https://campus.tum.de/tumonline/visitenkarte.show_vcard?pPersonenId=B23CDB6F32470320&pPersonenGruppe=3,"Address per TUMonline vCard: 85748 Garching b. München, Boltzmannstr.    3/III."
Carsten Trinitis,Prof. Dr.-Ing.,Lehrstuhl für Rechnerarchitektur & Parallele Systeme,Garching,,https://www.ce.cit.tum.de/caos,https://campus.tum.de/tumonline/visitenkarte.show_vcard?pPersonenId=926E31D3E1E35E04&pPersonenGruppe=3,"Address per TUMonline vCard: 85748 Garching b. München, Boltzmannstr.    3/I. Additional TUM org listed: TUINH02 Informatik Heilbronn 2 - Professur für Computer Architecture & Operating Systems (Prof. Trinitis komm.)."
Christian Jirauschek,Prof. Dr.-Ing.,Professur für Computational Photonics,Garching,,https://www.ee.cit.tum.de/cph,https://campus.tum.de/tumonline/visitenkarte.show_vcard?pPersonenId=B72803E2D2D282A1&pPersonenGruppe=3,"Address per TUMonline vCard: 85748 Garching b. München, Hans-Piloty-Str.    1/II (Computational Photonics TUEICPH)."
Christian Kühn,Prof. Dr.,Lehrstuhl für Mehrskaligkeit und Stochastische Dynamik,Garching,Munich Center for Machine Learning (MCML),https://www.math.cit.tum.de/math/forschung/gruppen/multiskalen-stochastische-dynamik/,https://campus.tum.de/tumonline/visitenkarte.show_vcard?pPersonenId=D510DABE8741F0C3&pPersonenGruppe=3,"Address per TUMonline vCard: 85748 Garching b. München, Boltzmannstr.    3/III."
Christian Liedtke,Prof. Dr. rer. nat.,Lehrstuhl für Algebraische Geometrie,Garching,,https://www.math.cit.tum.de/algebra/liedtke/,https://campus.tum.de/tumonline/visitenkarte.show_vcard?pPersonenId=0F1EC6538E77675A&pPersonenGruppe=3,"Address per TUMonline vCard: 85748 Garching b. München, Boltzmannstr.    3."
Christian Mendl,Prof. Dr. rer. nat.,Professur für Quantum Computing,Garching,,http://christian.mendl.net,https://campus.tum.de/tumonline/visitenkarte.show_vcard?pPersonenId=DB6A988558BD78D9&pPersonenGruppe=3,"Address per TUMonline vCard: 85748 Garching b. München, Friedrich-Ludwig-Bauer-Str.    5/I."
Christian Wachinger,Prof. Dr.,Künstliche Intelligenz in der Radiology,Munich city centre,Primary appointment: TUM School of Medicine and Health,https://www.ai-med.de,https://campus.tum.de/tumonline/visitenkarte.show_vcard?pPersonenId=00971538A2596A42&pPersonenGruppe=3,"Listed under CIT 'Zweitmitglieder' (secondary members) on https://www.cit.tum.de/cit/school/personen/professuren/ ; primary school per professoren.tum.de: TUM School of Medicine and Health. Address per TUMonline vCard: 81675 München, Ismaningerstr. 22."
Christina Kuttler,Prof. Dr. rer. nat.,Professur für Mathematik in den Lebenswissenschaften,Garching,,https://www.math.cit.tum.de/math/personen/professuren/kuttler-christina,https://campus.tum.de/tumonline/visitenkarte.show_vcard?pPersonenId=0E7721100F59189F&pPersonenGruppe=3,"Address per TUMonline vCard: 85748 Garching b. München, Boltzmannstr.    3/III."
Christoph Knochenhauer,Prof. Dr. rer. nat.,Professur für Finanzmathematik,Garching,,https://stochasticcontrol.org/,https://campus.tum.de/tumonline/visitenkarte.show_vcard?pPersonenId=19F4F4257F9AF912&pPersonenGruppe=3,"Address per TUMonline vCard: 85748 Garching b. München, Parkring 11/II."
Chunyang Chen,Prof.,Lehrstuhl für Software Engineering & AI,Heilbronn,,https://chunyang-chen.github.io/,https://campus.tum.de/tumonline/visitenkarte.show_vcard?pPersonenId=125BC29A0AE1A036&pPersonenGruppe=3,"Address per TUMonline vCard: 74076 Heilbronn, Bildungscampus    2."
Claudia Eckert,Prof. Dr.,Lehrstuhl für Sicherheit in der Informatik,Garching,,https://www.sec.in.tum.de/i20/,https://campus.tum.de/tumonline/visitenkarte.show_vcard?pPersonenId=5B2150D73A8ADFB4&pPersonenGruppe=3,"Address per TUMonline vCard: 85748 Garching b. München, Boltzmannstr.    3/I."
Claudia Scheimbauer,Prof. Dr.,Professur für Topologie,Garching,,http://www.scheimbauer.at/,https://campus.tum.de/tumonline/visitenkarte.show_vcard?pPersonenId=F64940ABF0A3DE79&pPersonenGruppe=3,"Address per TUMonline vCard: 85748 Garching b. München, Boltzmannstr.    3/II."
Clemens Thielen,Prof. Dr.,Optimization and Sustainable Decision Making,Straubing,Primary appointment: TUM Campus Straubing,https://odm.cs.tum.de,https://campus.tum.de/tumonline/visitenkarte.show_vcard?pPersonenId=CA907F200B68BB0F&pPersonenGruppe=3,"Listed under CIT 'Zweitmitglieder' (secondary members) on https://www.cit.tum.de/cit/school/personen/professuren/ ; primary school per professoren.tum.de: TUM Campus Straubing. Address per TUMonline vCard: 94315 Straubing, Am Essigberg    3/I."
Cristina Piazza,Prof. Dr.,Professur für Healthcare and Rehabilitation Robotics,Garching,,https://www.ce.cit.tum.de/nhcr/home/,https://campus.tum.de/tumonline/visitenkarte.show_vcard?pPersonenId=76E9C2C0B8A0633F&pPersonenGruppe=3,"Address per TUMonline vCard: 85748 Garching b. München, Friedrich-Ludwig-Bauer-Str.    3 (Siemens Technology Center)."
Daniel Cremers,Prof. Dr.,Lehrstuhl für Computer Vision and Artificial Intelligence,Garching,Munich Center for Machine Learning (MCML),http://cvpr.in.tum.de,https://campus.tum.de/tumonline/visitenkarte.show_vcard?pPersonenId=B53F0E7568B34CDA&pPersonenGruppe=3,"Address per TUMonline vCard: 85748 Garching b. München, Boltzmannstr.    3/II."
Daniel Matthes,Prof. Dr. rer. nat.,Professur für Dynamische Systeme,Garching,,https://www.math.cit.tum.de/math/personen/professuren/matthes-daniel/,https://campus.tum.de/tumonline/visitenkarte.show_vcard?pPersonenId=25BDDF58138DE46D&pPersonenGruppe=3,"Address per TUMonline vCard: 85748 Garching b. München, Boltzmannstr.    3/III."
Daniel Roth,Prof. Dr.,Machine Intelligence in Orthopedics,Munich city centre,Primary appointment: TUM School of Medicine and Health,https://hex-lab.io/,https://campus.tum.de/tumonline/visitenkarte.show_vcard?pPersonenId=6527F70CDE2DF847&pPersonenGruppe=3,"Listed under CIT 'Zweitmitglieder' (secondary members) on https://www.cit.tum.de/cit/school/personen/professuren/ ; primary school per professoren.tum.de: TUM School of Medicine and Health. Address per TUMonline vCard: 81675 München, Ismaninger Str.   22."
Daniel Rückert,Univ.-Prof. Dr.,Institut für KI und Informatik in der Medizin,Munich city centre,Munich Center for Machine Learning (MCML),https://www.professoren.tum.de/rueckert-daniel,https://campus.tum.de/tumonline/visitenkarte.show_vcard?pPersonenId=C83784B52D9745FE&pPersonenGruppe=3,"Address per TUMonline vCard: 81675 München, Ismaninger Str. 22. Additional TUM org listed: TUINI31 Informatik 31 - Lehrstuhl für Artificial Intelligence in Healthcare and Medicine (Prof. Rückert) (Joint Appointment der TUM School of Medicine and Health und TUM School of Computation, Information and Technology)."
Darius Burschka,Prof. Dr.-Ing.,"Lehrstuhl für Robotik, Künstliche Intelligenz und Echtzeitsysteme",Garching,,https://ce.cit.tum.de/mvp,https://campus.tum.de/tumonline/visitenkarte.show_vcard?pPersonenId=57E79D7223A6A11D&pPersonenGruppe=3,"Address per TUMonline vCard: 85748 Garching b. München, Boltzmannstr.    3/III."
Debarghya Ghoshdastidar,Prof. Dr. Ph.D.,Professur für Theoretical Foundations of Artificial Intelligence,Garching,Munich Center for Machine Learning (MCML),https://www.cs.cit.tum.de/tfai/,https://campus.tum.de/tumonline/visitenkarte.show_vcard?pPersonenId=C9951A6320A69B35&pPersonenGruppe=3,"Address per TUMonline vCard: 85748 Garching b. München, Boltzmannstr.    3/III."
Deniz Kus,Prof. Dr. rer. nat.,Professur für Darstellungstheorie,Garching,,https://www.math.cit.tum.de/algebra,https://campus.tum.de/tumonline/visitenkarte.show_vcard?pPersonenId=6448174BF2B5D7D5&pPersonenGruppe=3,"Address per TUMonline vCard: 85748 Garching b. München, Boltzmannstr.    3/II."
Dirk Heckmann,Prof. Dr.,Ehemalige TUM School of Governance,Munich city centre,Joint appointment: TUM School of Social Sciences and Technology,https://www.gov.tum.de/elaw,https://campus.tum.de/tumonline/visitenkarte.show_vcard?pPersonenId=99BD577986D760F5&pPersonenGruppe=3,"Address per TUMonline vCard: 80333 München, Richard-Wagner-Str.    1 (TUM School of Governance). Additional TUM org listed: TUPOL14 Lehrstuhl für Recht und Sicherheit der Digitalisierung (Prof. Heckmann, Joint Appointment der TUM School of Social Sciences and Technology und TUM School of Computation, Information and Technology)."
Dominik Grimm,Prof. Dr.,Bioinformatik,Straubing,Primary appointment: TUM Campus Straubing,https://bit.cs.tum.de,https://campus.tum.de/tumonline/visitenkarte.show_vcard?pPersonenId=3B48C63CC5D3EBAC&pPersonenGruppe=3,"Listed under CIT 'Zweitmitglieder' (secondary members) on https://www.cit.tum.de/cit/school/personen/professuren/ ; primary school per professoren.tum.de: TUM Campus Straubing. Address per TUMonline vCard: 94315 Straubing, Schulgasse 16 (HSWT Prof. am TUM Campus Straubing)."
Donna Ankerst,Prof. Ph.D.,Professur für Biostatistik,Garching,,https://www.math.cit.tum.de/math/ankerst,https://campus.tum.de/tumonline/visitenkarte.show_vcard?pPersonenId=6C4DA60D5E80F915&pPersonenGruppe=3,"Address per TUMonline vCard: 85748 Garching b. München, Boltzmannstr.    3/II."
Eckehard Steinbach,Prof. Dr.-Ing.,Lehrstuhl für Medientechnik,Munich city centre,,https://www.ce.cit.tum.de/en/lmt/home/,https://campus.tum.de/tumonline/visitenkarte.show_vcard?pPersonenId=7A6220365686FFC6&pPersonenGruppe=3,"Address per TUMonline vCard: 80333 München, Arcisstr.   21/II."
Elisabeth Ullmann,Prof. Dr. rer. nat.,Professur für Wissenschaftliches Rechnen und Unsicherheitsquantifizierung,Garching,,https://www.math.cit.tum.de/math/personen/professuren/ullmann-elisabeth/,https://campus.tum.de/tumonline/visitenkarte.show_vcard?pPersonenId=10FD9EFDE2A58069&pPersonenGruppe=3,"Address per TUMonline vCard: 85748 Garching b. München, Boltzmannstr.    3/III."
Enkelejda Kasneci,Prof. Dr.,Human-Centered Technologies for Learning,Munich city centre,Primary appointment: TUM School of Social Sciences and Technology,https://www.edu.sot.tum.de/hctl/prof-dr-enkelejda-kasneci/,https://campus.tum.de/tumonline/visitenkarte.show_vcard?pPersonenId=74C17DE89B4BE2A6&pPersonenGruppe=3,"Listed under CIT 'Zweitmitglieder' (secondary members) on https://www.cit.tum.de/cit/school/personen/professuren/ ; primary school per professoren.tum.de: TUM School of Social Sciences and Technology, TUM School of Computation, Information and Technology. Address per TUMonline vCard: 80333 München, Arcisstr.   21 (Chair Human-Centered Technologies for Le)."
Eric Sonnendrücker,Prof. Dr.,Zentrum Mathematik,Garching,,https://www.math.cit.tum.de/math/sonnendruecker,https://campus.tum.de/tumonline/visitenkarte.show_vcard?pPersonenId=E296BFDB42644DE0&pPersonenGruppe=3,"Address per TUMonline vCard: 85748 Garching b. München, Boltzmannstr.    3. Additional TUM org listed: TUMAM16 Lehrstuhl für Numerische Methoden der Plasmaphysik (Prof. Sonnendrücker)."
Erika Covi,Prof. Dr.,Professur für Nanoelectronic Circuits and Systems,Garching,,,https://campus.tum.de/tumonline/visitenkarte.show_vcard?pPersonenId=5C54CCAA9D328F2C&pPersonenGruppe=3,"Address per TUMonline vCard: 85748 Garching b. München, Friedrich-Ludwig-Bauer-Str.    3."
Eva Weig,Prof. Dr. rer. nat.,Lehrstuhl für Nano- und Quantensensorik,Garching,,https://www.ee.cit.tum.de/nan/,https://campus.tum.de/tumonline/visitenkarte.show_vcard?pPersonenId=0789B697816BBEF0&pPersonenGruppe=3,"Address per TUMonline vCard: 85748 Garching b. München, Hans-Piloty-Str.    1/III (Nano and Quantum Sensors TUEINAN). Additional TUM org listed: TUS3DP1 Department Physics."
Fabian Theis,Prof. Dr.,Lehrstuhl für Mathematische Modellierung biologischer Systeme,Garching,"Munich Center for Machine Learning (MCML); Helmholtz Munich, Institute of Computational Biology (Director)",http://cmb.helmholtz-muenchen.de,https://campus.tum.de/tumonline/visitenkarte.show_vcard?pPersonenId=89DCC1892A841638&pPersonenGruppe=3,"Address per TUMonline vCard: 85748 Garching b. München, Boltzmannstr.    3."
Felix Brandt,Prof. Dr.,Professur für Algorithmische Spieltheorie,Garching,,https://www.cs.cit.tum.de/dss/brandt/,https://campus.tum.de/tumonline/visitenkarte.show_vcard?pPersonenId=E4E0504B707FF8CF&pPersonenGruppe=3,"Address per TUMonline vCard: 85748 Garching b. München, Boltzmannstr.    3/III."
Felix Dietrich,Prof. Dr. rer. nat.,Lehrstuhl für Scientific Computing,Garching,Munich Center for Machine Learning (MCML),https://fd-research.com/,https://campus.tum.de/tumonline/visitenkarte.show_vcard?pPersonenId=D3E6A3C331EDCCE3&pPersonenGruppe=3,"Address per TUMonline vCard: 85748 Garching b. München, Boltzmannstr.    3/II. Additional TUM org listed: TUS1316 Lehrstuhl für Physics-enhanced Machine Learning (Prof. Dietrich)."
Florian Bruse,Prof. Dr. rer. nat.,Lehrstuhl für Logik und Verifikation,Garching,,,https://campus.tum.de/tumonline/visitenkarte.show_vcard?pPersonenId=8E421E853365202B&pPersonenGruppe=3,"Address per TUMonline vCard: 85748 Garching b. München, Boltzmannstr.    3/I."
Florian Matthes,Prof. Dr. rer. nat.,Lehrstuhl für Software Engineering for Business Information Systems,Garching,,http://wwwmatthes.in.tum.de/pages/88bkmvw6y7gx,https://campus.tum.de/tumonline/visitenkarte.show_vcard?pPersonenId=4A92FF15657D7B00&pPersonenGruppe=3,"Address per TUMonline vCard: 85748 Garching b. München, Boltzmannstr.    3/I."
Florian Zuleger,Prof. Dr.,Lehrstuhl für Grundlagen der Programmierung,Garching,,,https://campus.tum.de/tumonline/visitenkarte.show_vcard?pPersonenId=1C81B0EC4DD25E28&pPersonenGruppe=3,"Address per TUMonline vCard: 85748 Garching b. München, Boltzmannstr.    3."
Folkmar Bornemann,Prof. Dr. rer. nat. habil.,Lehrstuhl für Wissenschaftliches Rechnen,Garching,,https://www.professoren.tum.de/professoren/bornemann-folkmar,https://campus.tum.de/tumonline/visitenkarte.show_vcard?pPersonenId=06490DF66EF3A436&pPersonenGruppe=3,"Address per TUMonline vCard: 85748 Garching b. München, Boltzmannstr.    3."
Francisco Javier Esparza Estaun,Prof.,Lehrstuhl für Theoretische Informatik,Garching,,https://www7.in.tum.de/~esparza,https://campus.tum.de/tumonline/visitenkarte.show_vcard?pPersonenId=2B2CA7120B2D22C1&pPersonenGruppe=3,"Address per TUMonline vCard: 85748 Garching b. München, Boltzmannstr.    3/III."
Frank Petzold,Prof. Dr.-Ing.,Architekturinformatik,Munich city centre,Primary appointment: TUM School of Engineering and Design,https://ai.ar.tum.de/,https://campus.tum.de/tumonline/visitenkarte.show_vcard?pPersonenId=CA240DE5EB7454E6&pPersonenGruppe=3,"Listed under CIT 'Zweitmitglieder' (secondary members) on https://www.cit.tum.de/cit/school/personen/professuren/ ; primary school per professoren.tum.de: TUM School of Engineering and Design. Address per TUMonline vCard: 80333 München, Arcisstr.   21/IV (Lehrstuhl für Architekturinformatik)."
Franz Kreupl,Prof. Dr. rer. nat.,Professur für Hybride elektronische Systeme,Garching,,https://www.ee.cit.tum.de/hes/home/,https://campus.tum.de/tumonline/visitenkarte.show_vcard?pPersonenId=0C021E25F456B6BF&pPersonenGruppe=3,"Address per TUMonline vCard: 85748 Garching b. München, Hans-Piloty-Str.    1/II."
Gabriele Schrag,Prof. Dr.,Professur für Microsensors and Actuators,Munich city centre,,https://www.ee.cit.tum.de/msa/,https://campus.tum.de/tumonline/visitenkarte.show_vcard?pPersonenId=F8C74B5BFAD29602&pPersonenGruppe=3,"Address per TUMonline vCard: 80333 München, Arcisstr.   21 (Hauptstandort). Additional TUM org listed: TUEITEP Professur für Microsensors and Actuators (Prof. Schrag)."
Georg Carle,Prof. Dr.-Ing.,Lehrstuhl für Netzarchitekturen und Netzdienste,Garching,,http://www.net.in.tum.de/~carle/,https://campus.tum.de/tumonline/visitenkarte.show_vcard?pPersonenId=93604C5C4336A22D&pPersonenGruppe=3,"Address per TUMonline vCard: 85748 Garching b. München, Boltzmannstr.    3/III."
Georg Groh,Apl. Prof. Dr.,"Social Computing group (Informatik 11 - Lehrstuhl für Angewandte Informatik / Kooperative Systeme, chair currently vacant/N.N.)",Garching,,https://soc.cit.tum.de,https://campus.tum.de/tumonline/visitenkarte.show_vcard?pPersonenId=1CBEBE19A0AD46CC&pPersonenGruppe=3,"Außerplanmäßiger Professor (APL), listed on CIT professors page in the ""Außerplanmäßige Professoren"" category. Included (unlike other APL professors on that list) because he runs his own dedicated, independently-branded research group page (Social Computing, soc.cit.tum.de) rather than appearing embedded under another named professor's chair; the formal chair (Informatik 11) is shown as vacant (N.N.) on TUMonline. Address per TUMonline vCard: 85748 Garching b. München, Boltzmannstr. 3/I. Other APL professors on the CIT list (Callies, Fastl, Fischer, Gräb, Hartl, Karpfinger, Min, Soeder, Stechele, Struss) were excluded as either embedded within another professor's chair (non-independent, analogous to E15) or shown as retired/unassigned with no active homepage — see sources.txt category notes."
Georg Sigl,Prof. Dr.-Ing.,Lehrstuhl für Sicherheit in der Informationstechnik,Munich city centre,,https://www.ce.cit.tum.de/eisec/startseite/,https://campus.tum.de/tumonline/visitenkarte.show_vcard?pPersonenId=8A69DCD2945DEA34&pPersonenGruppe=3,"Address per TUMonline vCard: 80333 München, Arcisstrasse 21 (Sicherheit in der Informationstechnik)."
Gerhard Kramer,Prof. Dr.sc.tech.,Lehrstuhl für Nachrichtentechnik,Munich city centre,,https://www.ce.cit.tum.de/en/lnt/people/professors/kramer/,https://campus.tum.de/tumonline/visitenkarte.show_vcard?pPersonenId=F259B7D98D0C1057&pPersonenGruppe=3,"Address per TUMonline vCard: 80333 München, Theresienstr.   90/II (Lehrstuhl für Nachrichtentechnik)."
Gero Friesecke,Prof. Dr.,Lehrstuhl für Globale Analysis,Garching,,https://www.math.cit.tum.de/math/friesecke,https://campus.tum.de/tumonline/visitenkarte.show_vcard?pPersonenId=08CFBD84FF80FAF6&pPersonenGruppe=3,"Address per TUMonline vCard: 85748 Garching b. München, Boltzmannstr.    3."
Ghulam Destgeer,Prof. Dr.,Professur für Control and Manipulation of Microscale Living Objects,Munich city centre,,https://www.ee.cit.tum.de/mml,https://campus.tum.de/tumonline/visitenkarte.show_vcard?pPersonenId=C8319F75D6115C7B&pPersonenGruppe=3,"Address per TUMonline vCard: 81675 München, Einsteinstr.   25 (Adresse am TranslaTUM)."
Gjergji Kasneci,Prof. Dr.,Responsible Data Science,Munich city centre,Primary appointment: TUM School of Social Sciences and Technology,https://www.gov.sot.tum.de/rds/prof-dr-gjergji-kasneci/,https://campus.tum.de/tumonline/visitenkarte.show_vcard?pPersonenId=1373256A21594B45&pPersonenGruppe=3,"Listed under CIT 'Zweitmitglieder' (secondary members) on https://www.cit.tum.de/cit/school/personen/professuren/ ; primary school per professoren.tum.de: TUM School of Social Sciences and Technology, TUM School of Computation, Information and Technology. Address per TUMonline vCard: 80333 München, Arcisstr.   21."
Gordon Cheng,Prof. Dr.,Lehrstuhl für Kognitive Systeme,Munich city centre,,https://www.ce.cit.tum.de/ics,https://campus.tum.de/tumonline/visitenkarte.show_vcard?pPersonenId=E0A7569606CE4462&pPersonenGruppe=3,"Address per TUMonline vCard: 80333 München, Karlstraße 45/II (Lst. f. Kognitive Systeme (ICS))."
Gregor Kemper,Prof. Dr. rer. nat. habil.,Lehrstuhl für Algorithmische Algebra,Garching,,https://www.math.cit.tum.de/algebra/kemper/,https://campus.tum.de/tumonline/visitenkarte.show_vcard?pPersonenId=DCBB2AF9D0C05648&pPersonenGruppe=3,"Address per TUMonline vCard: 85748 Garching b. München, Boltzmannstr.    3."
Hans Michael Gerndt,Prof. Dr. rer. nat. habil.,Professur für Architektur paralleler und verteilter Systeme -,Garching,,https://www.in.tum.de/~gerndt,https://campus.tum.de/tumonline/visitenkarte.show_vcard?pPersonenId=2F73BCF90A58B0E0&pPersonenGruppe=3,"Address per TUMonline vCard: 85748 Garching b. München, Boltzmannstr.    3/I."
Hans-Joachim Bungartz,Prof. Dr. rer. nat. habil.,Lehrstuhl für Scientific Computing,Garching,,https://www.cs.cit.tum.de/sccs/,https://campus.tum.de/tumonline/visitenkarte.show_vcard?pPersonenId=3241760AB73BA3F7&pPersonenGruppe=3,"Address per TUMonline vCard: 85748 Garching b. München, Boltzmannstr.    3/II."
Harald Räcke,Prof. Dr.,Professur für Theoretische Informatik -,Garching,,https://www.cs.cit.tum.de/tcs/,https://campus.tum.de/tumonline/visitenkarte.show_vcard?pPersonenId=7B1A2E9A458135E3&pPersonenGruppe=3,"Address per TUMonline vCard: 85748 Garching b. München, Boltzmannstr.    3/III."
Hartwig Anzt,Prof. Dr. rer. nat.,Lehrstuhl für Computational Mathematics,Heilbronn,,https://www.cs.cit.tum.de/coma,https://campus.tum.de/tumonline/visitenkarte.show_vcard?pPersonenId=72BFB36BA19D260C&pPersonenGruppe=3,"Address per TUMonline vCard: 74076 Heilbronn, Bildungscampus    2."
Holger Boche,Prof. Dr. rer. nat. Dr.-Ing.,Lehrstuhl für Theoretische Informationstechnik,Munich city centre,,https://www.ce.cit.tum.de/lti/startseite,https://campus.tum.de/tumonline/visitenkarte.show_vcard?pPersonenId=2E80BAF3692A94FD&pPersonenGruppe=3,"Address per TUMonline vCard: 80333 München, Theresienstr.   90/IV (Lehrstuhl LTI)."
Hussam Amrouch,Prof. Dr.-Ing.,Professur für AI Processor Design,Garching,,https://www.ce.cit.tum.de/aipro/,https://campus.tum.de/tumonline/visitenkarte.show_vcard?pPersonenId=894A6D4391C7631E&pPersonenGruppe=3,"Address per TUMonline vCard: 85748 Garching b. München, Friedrich-Ludwig-Bauer-Str.    3."
Ingo Weber,Prof. Dr.,Lehrstuhl für Information System Development and Operation,Garching,,https://www.cs.cit.tum.de/isdo/,https://campus.tum.de/tumonline/visitenkarte.show_vcard?pPersonenId=7FEB3809FD0D837E&pPersonenGruppe=3,"Address per TUMonline vCard: 85748 Garching b. München, Friedrich-Ludwig-Bauer-Str.    5/I."
Jana Diesner,Prof. Dr.,Human-Centered Computing,Munich city centre,Primary appointment: TUM School of Social Sciences and Technology,https://www.gov.sot.tum.de/hcc,https://campus.tum.de/tumonline/visitenkarte.show_vcard?pPersonenId=12B7728FDB5773AA&pPersonenGruppe=3,"Listed under CIT 'Zweitmitglieder' (secondary members) on https://www.cit.tum.de/cit/school/personen/professuren/ ; primary school per professoren.tum.de: TUM School of Social Sciences and Technology. Address per TUMonline vCard: 80333 München, Augustenstr.   40/I."
Jana Giceva Makreshanska,Prof. Dr.sc. ETH Zürich,Technische Universität München,Munich city centre,,https://db.in.tum.de/people/sites/giceva,https://campus.tum.de/tumonline/visitenkarte.show_vcard?pPersonenId=50C4280A382D8E63&pPersonenGruppe=3,"Address per TUMonline vCard: 80333 München, Arcisstr.   21. Additional TUM org listed: TUINF24 Informatik 3 - Professur für Database Systems (Prof. Giceva)."
Jens Großklags,Prof. Dr.,Professur für Cyber Trust,Garching,,https://www.cs.cit.tum.de/ct/,https://campus.tum.de/tumonline/visitenkarte.show_vcard?pPersonenId=E24E0D1468539BBD&pPersonenGruppe=3,"Address per TUMonline vCard: 85748 Garching b. München, Boltzmannstr.    3/I (Lehrstuhl für Cyber Trust)."
Jia Chen,Prof. Dr.-Ing.,Professur für Umweltsensorik und Modellierung,Munich city centre,,https://www.esm.ei.tum.de,https://campus.tum.de/tumonline/visitenkarte.show_vcard?pPersonenId=1FFCB0A4079A2968&pPersonenGruppe=3,"Address per TUMonline vCard: 80333 München, Theresienstr.   90/I (Umweltsensorik und Modellierung)."
Joachim Henkel,Prof. Dr.,Dr. Theo Schöller-Stiftungslehrstuhls für Technologie- und Innovationsmanagement,Munich city centre,Primary appointment: TUM School of Management,http://www.tim.wi.tum.de/,https://campus.tum.de/tumonline/visitenkarte.show_vcard?pPersonenId=C6EA5BC8C0B66FAB&pPersonenGruppe=3,"Listed under CIT 'Zweitmitglieder' (secondary members) on https://www.cit.tum.de/cit/school/personen/professuren/ ; primary school per professoren.tum.de: TUM School of Management. Address per TUMonline vCard: 80333 München, Arcisstr.   21 (Dr. Theo Schöller-Stiftungslehrstuhl)."
Johanna Pirker,Prof. Dr. techn.,Lehrstuhl für N-Dimensional User Experience,Garching,,https://jpirker.com,https://campus.tum.de/tumonline/visitenkarte.show_vcard?pPersonenId=2396A8E6F76F455B&pPersonenGruppe=3,"Address per TUMonline vCard: 85748 Garching b. München, Boltzmannstr.    3 (Standort Garching FMI Gebäude). Additional TUM org listed: TUS1324 Lehrstuhl für N-Dimensional User Experience (Prof. Pirker)."
Johannes Betz,Prof. Dr.,Autonome Fahrzeugsysteme,Garching,Primary appointment: TUM School of Engineering and Design,http://www.mos.ed.tum.de/avs,https://campus.tum.de/tumonline/visitenkarte.show_vcard?pPersonenId=3D84811277C5B6A7&pPersonenGruppe=3,"Listed under CIT 'Zweitmitglieder' (secondary members) on https://www.cit.tum.de/cit/school/personen/professuren/ ; primary school per professoren.tum.de: TUM School of Engineering and Design. Address per TUMonline vCard: 85748 Garching b. München, Boltzmannstr.   15/III (Lehrstuhl für Fahrzeugtechnik)."
Johannes Müller,Prof. Dr.,Professur für Mathematische Methoden der Biochemie und Molekularbiologie,Garching,,https://www.math.cit.tum.de/en/math/people/professors/mueller-johannes/,https://campus.tum.de/tumonline/visitenkarte.show_vcard?pPersonenId=9CB1354F33A33774&pPersonenGruppe=3,"Address per TUMonline vCard: 85748 Garching b. München, Boltzmannstr.    3/II."
Johannes Zimmer,Prof. Dr. rer. nat.,Lehrstuhl für Analysis und Modellbildung,Garching,,https://www.math.cit.tum.de/math/personen/professuren/zimmer-johannes,https://campus.tum.de/tumonline/visitenkarte.show_vcard?pPersonenId=44E8CEC761DD4C15&pPersonenGruppe=3,"Address per TUMonline vCard: 85748 Garching b. München, Boltzmannstr.    3/III."
Julia Schnabel,Prof. Dr.,Lehrstuhl für Computational Imaging and AI in Medicine,Garching,"Munich Center for Machine Learning (MCML); Helmholtz Munich, Institute of Machine Learning in Biomedical Imaging (Director); King's College London",https://compai-lab.github.io/,https://campus.tum.de/tumonline/visitenkarte.show_vcard?pPersonenId=29674689347A83BE&pPersonenGruppe=3,"Address per TUMonline vCard: 85748 Garching b. München, Lichtenbergstr.   2a."
Julien Gagneur,Prof. Dr.,Lehrstuhl für Computational Molecular Medicine,Garching,Munich Center for Machine Learning (MCML),https://www.cs.cit.tum.de/cmm/,https://campus.tum.de/tumonline/visitenkarte.show_vcard?pPersonenId=C9CFC361C822E631&pPersonenGruppe=3,"Address per TUMonline vCard: 85748 Garching b. München, Boltzmannstr.    3/I. Additional TUM org listed: TUMEHM0 Institut für Humangenetik (Prof. Winkelmann)."
Jörg Ott,Prof. Dr.-Ing.,Lehrstuhl für Connected Mobility,Garching,,http://www.cm.in.tum.de/,https://campus.tum.de/tumonline/visitenkarte.show_vcard?pPersonenId=7C9816A26AEE1B83&pPersonenGruppe=3,"Address per TUMonline vCard: 85748 Garching b. München, Boltzmannstr.    3/I."
Jürgen Pfeffer,Prof. Dr.,Computational Social Science and Big Data,Munich city centre,Primary appointment: TUM School of Social Sciences and Technology,https://www.pfeffer.at,https://campus.tum.de/tumonline/visitenkarte.show_vcard?pPersonenId=B83EC1FCBE8B3767&pPersonenGruppe=3,"Listed under CIT 'Zweitmitglieder' (secondary members) on https://www.cit.tum.de/cit/school/personen/professuren/ ; primary school per professoren.tum.de: TUM School of Social Sciences and Technology. Address per TUMonline vCard: 80333 München, Richard-Wagner-Str.    1."
Jürgen Richter-Gebert,Prof. Dr. rer. nat.,Lehrstuhl für Geometrie und Visualisierung,Garching,,https://www.math.cit.tum.de/math/personen/professuren/richter-gebert-juergen/,https://campus.tum.de/tumonline/visitenkarte.show_vcard?pPersonenId=F4B96B6065145B40&pPersonenGruppe=3,"Address per TUMonline vCard: 85748 Garching b. München, Boltzmannstr.    3."
Kai Müller,Prof. Dr. rer. nat.,Professur für Quantum Electronics and Computer Engineering,Garching,,https://www.ee.cit.tum.de/qec,https://campus.tum.de/tumonline/visitenkarte.show_vcard?pPersonenId=BEA3D79D870A748F&pPersonenGruppe=3,"Address per TUMonline vCard: 85748 Garching b. München, Hans-Piloty-Str.    1/III (Quantum Electronics & Computer Eng.). Additional TUM org listed: TUS3DP1 Department Physics."
Klaus Diepold,Prof. Dr.-Ing.,Lehrstuhl für Datenverarbeitung,Munich city centre,,https://www.ce.cit.tum.de/ldv/startseite/,https://campus.tum.de/tumonline/visitenkarte.show_vcard?pPersonenId=22419431DE9BF8FB&pPersonenGruppe=3,"Address per TUMonline vCard: 80333 München, Arcisstr.   21 (Lehrstuhl für Datenverarbeitung)."
Kristen Kozielski,Prof. Dr.,Professur für Neuroengineering Materials,Munich city centre,,https://www.professoren.tum.de/en/kozielski-kristen,https://campus.tum.de/tumonline/visitenkarte.show_vcard?pPersonenId=05648D062535EBD6&pPersonenGruppe=3,"Address per TUMonline vCard: 80333 München, Theresienstr.   90/I."
Lorenz Panny,Prof. Dr.,Professur für Kryptographie,Garching,,https://yx7.cc,https://campus.tum.de/tumonline/visitenkarte.show_vcard?pPersonenId=4FEFAAAEC350E08B&pPersonenGruppe=3,"Address per TUMonline vCard: 85748 Garching b. München, Boltzmannstr.    3/II."
Lorenzo Masia,Prof. Dr.,Lehrstuhl für Intelligent Bio-Robotic Systems,Garching,,http://www.ce.cit.tum.de/ibrs/,https://campus.tum.de/tumonline/visitenkarte.show_vcard?pPersonenId=FB9A55D9B0EE553E&pPersonenGruppe=3,"Address per TUMonline vCard: 85748 Garching b. München, Friedrich-Ludwig-Bauer-Str.    3."
Luise Pufahl,Prof. Dr. rer. nat.,Professur für Information Systems,Heilbronn,,https://www.professoren.tum.de/en/pufahl-luise,https://campus.tum.de/tumonline/visitenkarte.show_vcard?pPersonenId=7432984DB73E450E&pPersonenGruppe=3,"Address per TUMonline vCard: 74076 Heilbronn, Bildungscampus    2."
Majid Khadiv,Dr. Ph.D.,Munich Institute of Robotics and Machine Intelligence (MIRMI) - The AI Mission Institute (AIM),Munich city centre,,https://www.professoren.tum.de/en/khadiv-majid,https://campus.tum.de/tumonline/visitenkarte.show_vcard?pPersonenId=29203C5290445CDC&pPersonenGruppe=3,"Address per TUMonline vCard: 80992 München, Georg-Brauchle-Ring 60_62/I (Hausadresse). Additional TUM org listed: TUS1305 Professur für AI Planning in Dynamic Environments (Prof. Khadiv)."
Marc Tornow,Prof. Dr. rer. nat.,Professur für Molekularelektronik,Garching,,https://www.ee.cit.tum.de/mol/,https://campus.tum.de/tumonline/visitenkarte.show_vcard?pPersonenId=144073B88FDC7542&pPersonenGruppe=3,"Address per TUMonline vCard: 85748 Garching b. München, Hans-Piloty-Str.    1/III (Molekularelektronik TUEIMOL). Additional TUM org listed: TUS3DP1 Department Physics."
Marco Caccamo,Prof. Dr.,Cyber-Physical Systems in Production Engineering,Garching,Primary appointment: TUM School of Engineering and Design,https://www.mw.tum.de/cps/,https://campus.tum.de/tumonline/visitenkarte.show_vcard?pPersonenId=58AD2F4423DC5C27&pPersonenGruppe=3,"Listed under CIT 'Zweitmitglieder' (secondary members) on https://www.cit.tum.de/cit/school/personen/professuren/ ; primary school per professoren.tum.de: TUM School of Engineering and Design. Address per TUMonline vCard: 85748 Garching b. München, Boltzmannstraße 15."
Marco Cicalese,Prof. Dr.,Professur für Mathematische Kontinuumsmechanik,Garching,,https://www.math.cit.tum.de/math/personen/professuren/cicalese-marco/,https://campus.tum.de/tumonline/visitenkarte.show_vcard?pPersonenId=C4D82285EAA77A01&pPersonenGruppe=3,"Address per TUMonline vCard: 85748 Garching b. München, Boltzmannstr.    3/III."
Maria Bannert,Prof. Dr.,Lehren und Lernen mit digitalen Medien,Munich city centre,Primary appointment: TUM School of Social Sciences and Technology,https://www.edu.sot.tum.de/lldm/team/bannert-maria/,https://campus.tum.de/tumonline/visitenkarte.show_vcard?pPersonenId=77793C4C3E415BB3&pPersonenGruppe=3,"Listed under CIT 'Zweitmitglieder' (secondary members) on https://www.cit.tum.de/cit/school/personen/professuren/ ; primary school per professoren.tum.de: TUM School of Social Sciences and Technology. Address per TUMonline vCard: 80333 München, Arcisstr.   21 (Postadresse)."
Maribel Acosta Deibe,Prof. Dr.-Ing.,Professur für Data Engineering,Heilbronn,,https://www.cs.cit.tum.de/cde/people/maribel-acosta/,https://campus.tum.de/tumonline/visitenkarte.show_vcard?pPersonenId=991E7768FD13FD70&pPersonenGruppe=3,"Address per TUMonline vCard: 74076 Heilbronn, Bildungscampus    2."
Marie-Christine Düker,Prof. Dr. rer. nat.,Professur für Statistik und Data Science,Garching,,https://mariedueker.github.io/,https://campus.tum.de/tumonline/visitenkarte.show_vcard?pPersonenId=58CA68BB208983E0&pPersonenGruppe=3,"Address per TUMonline vCard: 85748 Garching b. München, Parkring 11-13/II (Professur für Statistik und Data Science)."
Mario Trapp,Prof. Dr.-Ing. habil.,Lehrstuhl für Engineering robuster kognitiver Systeme,Garching,,https://www.cs.cit.tum.de/ercs/home/,https://campus.tum.de/tumonline/visitenkarte.show_vcard?pPersonenId=1A5CEA1F33BE9477&pPersonenGruppe=3,"Address per TUMonline vCard: 85748 Garching b. München, Boltzmannstr.    3/I."
Markus Becherer,Prof. Dr.-Ing. habil.,Professur für Chip-based Magnetic Sensor Technology,Garching,,https://www.ee.cit.tum.de/nmd,https://campus.tum.de/tumonline/visitenkarte.show_vcard?pPersonenId=A16DE761DB17020D&pPersonenGruppe=3,"Address per TUMonline vCard: 85748 Garching b. München, Hans-Piloty-Str.    1/I (Chip-based Magnetic Sensor Technology). Additional TUM org listed: TUS1000 TUM School of Computation, Information and Technology."
Markus Lienkamp,Prof. Dr.-Ing.,Fahrzeugtechnik,Garching,Primary appointment: TUM School of Engineering and Design,https://www.mos.ed.tum.de/en/ftm/,https://campus.tum.de/tumonline/visitenkarte.show_vcard?pPersonenId=2119862DB62E67CD&pPersonenGruppe=3,"Listed under CIT 'Zweitmitglieder' (secondary members) on https://www.cit.tum.de/cit/school/personen/professuren/ ; primary school per professoren.tum.de: TUM School of Engineering and Design. Address per TUMonline vCard: 85748 Garching b. München, Boltzmannstr.   15/III (Lehrstuhl für Fahrzeugtechnik)."
Martin Bichler,Prof. Dr.,Lehrstuhl für Decision Sciences & Systems,Garching,,https://www.cs.cit.tum.de/en/dss/bichler/,https://campus.tum.de/tumonline/visitenkarte.show_vcard?pPersonenId=0DA3F6155518B803&pPersonenGruppe=3,"Address per TUMonline vCard: 85748 Garching b. München, Boltzmannstr.    3/I."
Martin Boeker,Prof. Dr.,Medizinische Informatik,Munich city centre,Primary appointment: TUM School of Medicine and Health,,https://campus.tum.de/tumonline/visitenkarte.show_vcard?pPersonenId=C5D1096313890098&pPersonenGruppe=3,"Listed under CIT 'Zweitmitglieder' (secondary members) on https://www.cit.tum.de/cit/school/personen/professuren/ ; primary school per professoren.tum.de: TUM School of Medicine and Health. Address per TUMonline vCard: 81675 München, Ismaninger Str. 22."
Martin Buss,Prof. Dr.,Lehrstuhl für Steuerungs- und Regelungstechnik,Munich city centre,,https://www.ce.cit.tum.de/lsr/,https://campus.tum.de/tumonline/visitenkarte.show_vcard?pPersonenId=9F4B7EE195737A6A&pPersonenGruppe=3,"Address per TUMonline vCard: 80333 München, Theresienstr.   90/II (Lehrstuhl für Steuerungs- und Regelungst)."
Martin Schulz,Prof. Dr. rer. nat.,Lehrstuhl für Rechnerarchitektur & Parallele Systeme,Garching,,https://www.ce.cit.tum.de/caps/mitarbeiter/martin-schulz/,https://campus.tum.de/tumonline/visitenkarte.show_vcard?pPersonenId=1298D37F771F06D6&pPersonenGruppe=3,"Address per TUMonline vCard: 85748 Garching b. München, Boltzmannstr.    3/I."
Martin Werner,Prof. Dr.,Big Geospatial Data Management,unclear,Primary appointment: TUM School of Engineering and Design,https://www.bgd.ed.tum.de,https://campus.tum.de/tumonline/visitenkarte.show_vcard?pPersonenId=81DFAC8EFF7FE142&pPersonenGruppe=3,"Listed under CIT 'Zweitmitglieder' (secondary members) on https://www.cit.tum.de/cit/school/personen/professuren/ ; primary school per professoren.tum.de: TUM School of Engineering and Design. Address per TUMonline vCard: 85521 Ottobrunn, Lise-Meitner-Str. 9-11/I. Address does not match one of TUM's five named CIT campuses; marked unclear."
Massimo Fornasier,Prof. Dr.,Lehrstuhl für Angewandte Numerische Analysis,Garching,Munich Center for Machine Learning (MCML),https://www.math.cit.tum.de/math/fornasier,https://campus.tum.de/tumonline/visitenkarte.show_vcard?pPersonenId=5DDABFD83703825F&pPersonenGruppe=3,"Address per TUMonline vCard: 85748 Garching b. München, Boltzmannstr.    3/II."
Mathias Drton,Prof. Ph.D.,Lehrstuhl für Mathematische Statistik,Garching,Munich Center for Machine Learning (MCML),https://www.math.cit.tum.de/math/drton/,https://campus.tum.de/tumonline/visitenkarte.show_vcard?pPersonenId=ADAF8D183918658D&pPersonenGruppe=3,"Address per TUMonline vCard: 85748 Garching b. München, Boltzmannstr.    3."
Mathias Wilhelm,Prof. Dr.,Computational Mass Spectrometry,Weihenstephan,Primary appointment: TUM School of Life Sciences,https://www1.ls.tum.de/compms,https://campus.tum.de/tumonline/visitenkarte.show_vcard?pPersonenId=BEC3FD83B7D35D34&pPersonenGruppe=3,"Listed under CIT 'Zweitmitglieder' (secondary members) on https://www.cit.tum.de/cit/school/personen/professuren/ ; primary school per professoren.tum.de: TUM School of Life Sciences. Address per TUMonline vCard: 85354 Freising, Maximus-von-Imhof-Forum  1+3/I (Computational Mass Spectrometry)."
Matthias Althoff,Prof. Dr.-Ing.,"Lehrstuhl für Robotik, Künstliche Intelligenz und Echtzeitsysteme",Garching,Munich Center for Machine Learning (MCML),https://www.ce.cit.tum.de/en/cps/members/prof-dr-ing-matthias-althoff/,https://campus.tum.de/tumonline/visitenkarte.show_vcard?pPersonenId=86652003E13F118F&pPersonenGruppe=3,"Address per TUMonline vCard: 85748 Garching b. München, Boltzmannstr.    3/III. Additional TUM org listed: TUINF15 Informatik 6 - Professur für Cyber Physical Systems (Prof. Althoff)."
Matthias Grabmair,Prof. Ph.D.,Professur für Legal Tech,Garching,,https://www.in.tum.de/legaltech,https://campus.tum.de/tumonline/visitenkarte.show_vcard?pPersonenId=74444C3255D5F673&pPersonenGruppe=3,"Address per TUMonline vCard: 85748 Garching b. München, Boltzmannstr.    3/I."
Matthias Nießner,Prof. Dr.-Ing.,Lehrstuhl für Visual Computing and Artificial Intelligence,Garching,Munich Center for Machine Learning (MCML),https://niessnerlab.org/,https://campus.tum.de/tumonline/visitenkarte.show_vcard?pPersonenId=0E2DF60061BD1B05&pPersonenGruppe=3,"Address per TUMonline vCard: 85748 Garching b. München, Boltzmannstr.    3/II."
Matthias Scherer,Prof. Dr. rer. nat.,Professur für Risk and Insurance,Garching,,https://www.math.cit.tum.de/mathfinance/personen/professorinnen-und-professoren/matthias-scherer/,https://campus.tum.de/tumonline/visitenkarte.show_vcard?pPersonenId=825F6CBFDD7DAD5D&pPersonenGruppe=3,"Address per TUMonline vCard: 85748 Garching b. München, Parkring 11/II."
Michael Bader,Prof. Dr.,Lehrstuhl für Scientific Computing,Garching,,https://www.cs.cit.tum.de/sccs/bader/,https://campus.tum.de/tumonline/visitenkarte.show_vcard?pPersonenId=7AD358E6CBA98AE7&pPersonenGruppe=3,"Address per TUMonline vCard: 85748 Garching b. München, Boltzmannstr.    3/II. Additional TUM org listed: TUINF16 Informatik 5 - Professur für Hardware-nahe Algorithmik und Software für Höchstleistungsrechnen (Prof. Bader)."
Michael Marc Wolf,Prof. Dr.,Lehrstuhl für Mathematische Physik,Garching,,https://www.math.cit.tum.de/math/personen/professuren/wolf-michael/,https://campus.tum.de/tumonline/visitenkarte.show_vcard?pPersonenId=D653EACBAD211875&pPersonenGruppe=3,"Address per TUMonline vCard: 85748 Garching b. München, Boltzmannstr.    3."
Michael Ulbrich,Prof. Dr. rer. nat.,Lehrstuhl für Mathematische Optimierung,Garching,,https://www.math.cit.tum.de/math/ulbrich,https://campus.tum.de/tumonline/visitenkarte.show_vcard?pPersonenId=8F2ABA81BA28C8FB&pPersonenGruppe=3,"Address per TUMonline vCard: 85748 Garching b. München, Boltzmannstr.    3."
Mikhail Belkin,Prof. Dr.,Lehrstuhl für Halbleitertechnologie,Garching,TUM Department of Physics (TUM School of Natural Sciences) - joint listing,https://www.wsi.tum.de/views/groups.php?group=belkin,https://campus.tum.de/tumonline/visitenkarte.show_vcard?pPersonenId=BF34E2B33E72E384&pPersonenGruppe=3,"Address per TUMonline vCard: 85748 Garching b. München, Am Coulombwall    4/I (Lst. Halbleitertechnologie). Additional TUM org listed: TUS3DP1 Department Physics."
Murad Alim,Prof. Dr. rer. nat.,Professur für Quantengeometrie,Garching,,https://muradalim.org/,https://campus.tum.de/tumonline/visitenkarte.show_vcard?pPersonenId=CF3D1761767C4ACD&pPersonenGruppe=3,"Address per TUMonline vCard: 85748 Garching b. München, Boltzmannstr.    3/II."
Nassir Navab,Prof. Ph.D.,Lehrstuhl für Informatikanwendungen in der Medizin,Garching,Munich Center for Machine Learning (MCML),https://www.cs.cit.tum.de/camp/members/cv-nassir-navab/nassir-navab/,https://campus.tum.de/tumonline/visitenkarte.show_vcard?pPersonenId=E6B642962195591B&pPersonenGruppe=3,"Address per TUMonline vCard: 85748 Garching b. München, Boltzmannstr.    3/III."
Niki Kilbertus,Prof. Dr.,Professur für AI for Scientific Modeling,Garching,Munich Center for Machine Learning (MCML); Helmholtz AI / Helmholtz Munich (group leader); Munich Data Science Institute (MDSI),https://sites.google.com/view/nikikilbertus,https://campus.tum.de/tumonline/visitenkarte.show_vcard?pPersonenId=FF08663B8DECE99B&pPersonenGruppe=3,"Address per TUMonline vCard: 85748 Garching b. München, Friedrich-Ludwig-Bauer-Str.    5/I."
Nils Thürey,Prof. Dr.-Ing.,Professur für Physik-basierte Simulation,Garching,Munich Center for Machine Learning (MCML),https://ge.in.tum.de,https://campus.tum.de/tumonline/visitenkarte.show_vcard?pPersonenId=38AE07215465C3BB&pPersonenGruppe=3,"Address per TUMonline vCard: 85748 Garching b. München, Boltzmannstr.    3/II."
Nina Gantert,Prof. Dr. rer. nat. habil.,Lehrstuhl für Wahrscheinlichkeitstheorie,Garching,,https://www.math.cit.tum.de/math/gantert,https://campus.tum.de/tumonline/visitenkarte.show_vcard?pPersonenId=9B13085FBF42B5E5&pPersonenGruppe=3,"Address per TUMonline vCard: 85748 Garching b. München, Boltzmannstr.    3."
Noam Berger Steiger,Prof. Dr.,Professur für Stochastische Prozesse,Garching,,https://www.math.cit.tum.de/math/berger,https://campus.tum.de/tumonline/visitenkarte.show_vcard?pPersonenId=6654E01A41F49CD0&pPersonenGruppe=3,"Address per TUMonline vCard: 85748 Garching b. München, Parkring 11-13/II."
Norbert Hanik,Prof. Dr.-Ing.,Professur für Leitungsgebundene Übertragungstechnik,Munich city centre,,http://www.lnt.ei.tum.de/mitarbeiter/hanik/hanik.html,https://campus.tum.de/tumonline/visitenkarte.show_vcard?pPersonenId=D523BFE65A546F1C&pPersonenGruppe=3,"Address per TUMonline vCard: 80333 München, Theresienstr.   90/III (Fachgebiet Leitungsgebundene Übertragung)."
Oliver Hayden,Prof. Dr. rer. nat.,Heinz Nixdorf-Lehrstuhl für Biomedizinische Elektronik,Munich city centre,,https://www.ee.cit.tum.de/lbe,https://campus.tum.de/tumonline/visitenkarte.show_vcard?pPersonenId=808EB50C9B95AB17&pPersonenGruppe=3,"Address per TUMonline vCard: 81675 München, Einsteinstraße 25, Bau 522 (AG Prof. Hayden (am TranslaTUM))."
Oliver Junge,Prof. Dr. rer. nat.,Professur für Numerik komplexer Systeme,Garching,,http://gaioguy.userweb.mwn.de/,https://campus.tum.de/tumonline/visitenkarte.show_vcard?pPersonenId=94DB643B84B98A96&pPersonenGruppe=3,"Address per TUMonline vCard: 85748 Garching b. München, Boltzmannstr.    3/II."
Orestis Papakyriakopoulos,Prof. Dr.,Societal Computing,Munich city centre,Primary appointment: TUM School of Social Sciences and Technology,https://www.gov.sot.tum.de/soc,https://campus.tum.de/tumonline/visitenkarte.show_vcard?pPersonenId=5B7DE89893E3FCCA&pPersonenGruppe=3,"Listed under CIT 'Zweitmitglieder' (secondary members) on https://www.cit.tum.de/cit/school/personen/professuren/ ; primary school per professoren.tum.de: TUM School of Social Sciences and Technology. Address per TUMonline vCard: 80333 München, Arcisstr.   21."
Peter Schüffler,Prof. Dr.,Computational Pathology,Munich city centre,Primary appointment: TUM School of Medicine and Health,https://schuefflerlab.org,https://campus.tum.de/tumonline/visitenkarte.show_vcard?pPersonenId=BE49BB7D93E6BFFC&pPersonenGruppe=3,"Listed under CIT 'Zweitmitglieder' (secondary members) on https://www.cit.tum.de/cit/school/personen/professuren/ ; primary school per professoren.tum.de: TUM School of Medicine and Health, TUM School of Computation, Information and Technology. Address per TUMonline vCard: 81675 München, Trogerstr.   18 (Group of Computational Pathology)."
Pramod Bhatotia,Prof. Dr.-Ing.,Lehrstuhl für Distributed Systems and Operating Systems,Garching,,https://dse.in.tum.de/,https://campus.tum.de/tumonline/visitenkarte.show_vcard?pPersonenId=788ACEDD11CEF366&pPersonenGruppe=3,"Address per TUMonline vCard: 85748 Garching b. München, Boltzmannstr.    3/I."
Prof. Dr. Jennifer L.M. Rupp FRSC,Prof.,Elektrochemische Materialien,Garching,Primary appointment: TUM School of Natural Sciences,https://www.ch.nat.tum.de/ecm/,https://campus.tum.de/tumonline/visitenkarte.show_vcard?pPersonenId=A2B5E09CA5D0B72B&pPersonenGruppe=3,"Listed under CIT 'Zweitmitglieder' (secondary members) on https://www.cit.tum.de/cit/school/personen/professuren/ ; primary school per professoren.tum.de: TUM School of Natural Sciences. Address per TUMonline vCard: 85748 Garching b. München, Lichtenbergstr.    4/III (Elektochemische Materialien)."
Prof. Dr. Tilman Michaeli,Prof.,Didaktik der Informatik,Munich city centre,Primary appointment: TUM School of Social Sciences and Technology,https://michae.li/,https://campus.tum.de/tumonline/visitenkarte.show_vcard?pPersonenId=4168F0D6DE0CC4E9&pPersonenGruppe=3,"Listed under CIT 'Zweitmitglieder' (secondary members) on https://www.cit.tum.de/cit/school/personen/professuren/ ; primary school per professoren.tum.de: TUM School of Social Sciences and Technology. Address per TUMonline vCard: 80333 München, Arcisstr.   21 (Prof. Dr. Tilman Michaeli)."
Rainer Kolisch,Prof. Dr.,Operations Management,Munich city centre,Primary appointment: TUM School of Management,https://www.om.wi.tum.de/index.php?id=16,https://campus.tum.de/tumonline/visitenkarte.show_vcard?pPersonenId=9E2F335EA4282F3F&pPersonenGruppe=3,"Listed under CIT 'Zweitmitglieder' (secondary members) on https://www.cit.tum.de/cit/school/personen/professuren/ ; primary school per professoren.tum.de: TUM School of Management. Address per TUMonline vCard: 80333 München, Arcisstr.   21."
Ralf Brederlow,Prof. Dr.-Ing.,Lehrstuhl für Schaltungsentwurf,Munich city centre,,https://www.professoren.tum.de/brederlow-ralf,https://campus.tum.de/tumonline/visitenkarte.show_vcard?pPersonenId=51DB7CF35234DDFF&pPersonenGruppe=3,"Address per TUMonline vCard: 80333 München, Theresienstr.   90/I (Lehrstuhl für Schaltungsentwurf)."
Reinhard Heckel,Prof. Dr.sc. ETH Zürich,Professur für Machine Learning,Munich city centre,Munich Center for Machine Learning (MCML),https://www.ce.cit.tum.de/mli/,https://campus.tum.de/tumonline/visitenkarte.show_vcard?pPersonenId=40D982107C077943&pPersonenGruppe=3,"Address per TUMonline vCard: 80333 München, Theresienstr.   90/I (Professur für Machine Learning)."
Reinhard Kienberger,Prof. Dr.,Laser- und Röntgenphysik,Garching,Primary appointment: TUM School of Natural Sciences,http://www.e11.ph.tum.de/,https://campus.tum.de/tumonline/visitenkarte.show_vcard?pPersonenId=A76D6EAE690F470C&pPersonenGruppe=3,"Listed under CIT 'Zweitmitglieder' (secondary members) on https://www.cit.tum.de/cit/school/personen/professuren/ ; primary school per professoren.tum.de: TUM School of Natural Sciences. Address per TUMonline vCard: 85748 Garching b. München, James-Franck-Str.    1 (Lehrstuhl für Experimentalphysik E11)."
Reto Achermann,Prof. Dr.sc. ETH Zürich,Professur für Widerstandsfähige Rechensysteme,Garching,,https://retoachermann.ch,https://campus.tum.de/tumonline/visitenkarte.show_vcard?pPersonenId=3574A820DFD42167&pPersonenGruppe=3,"Address per TUMonline vCard: 85748 Garching b. München, Boltzmannstr.    3/I."
Riccardo Marin,Prof. Dr.,Lehrstuhl für Computer Vision and Artificial Intelligence,Garching,Munich Center for Machine Learning (MCML),,https://campus.tum.de/tumonline/visitenkarte.show_vcard?pPersonenId=B6CBBEDDE09EE6BC&pPersonenGruppe=3,"Address per TUMonline vCard: 85748 Garching b. München, Boltzmannstr.    3/II. Additional TUM org listed: TUINF28 Informatik 9 - Professur für Machine Learning for Robotics (Marin komm.)."
Robert König,Prof. Dr.,Professur für Theorie komplexer Quantensysteme,Garching,,https://www.math.cit.tum.de/math/personen/professuren/koenig-robert/,https://campus.tum.de/tumonline/visitenkarte.show_vcard?pPersonenId=800CCB34B4CB33E0&pPersonenGruppe=3,"Address per TUMonline vCard: 85748 Garching b. München, Boltzmannstr.    3/III."
Robert Wille,Prof. Dr.-Ing.,Lehrstuhl für Design Automation,Munich city centre,,https://www.cda.cit.tum.de/team/wille/,https://campus.tum.de/tumonline/visitenkarte.show_vcard?pPersonenId=CF9DF60C095A95F1&pPersonenGruppe=3,"Address per TUMonline vCard: 80333 München, Arcisstr.   21/III (Lehrstuhl für Design Automation)."
Rudi Zagst,Prof. Dr.,Lehrstuhl für Finanzmathematik,Garching,,https://www.math.cit.tum.de/en/mathfinance/staff/professors/prof-dr-rudi-zagst/,https://campus.tum.de/tumonline/visitenkarte.show_vcard?pPersonenId=0FF2F4780BE44FD6&pPersonenGruppe=3,"Address per TUMonline vCard: 85748 Garching b. München, Parkring 11/II."
Rüdiger Westermann,Prof. Dr.,Lehrstuhl für Grafik und Visualisierung,Garching,Munich Center for Machine Learning (MCML),https://www.cs.cit.tum.de/cg,https://campus.tum.de/tumonline/visitenkarte.show_vcard?pPersonenId=8E19876E54F03B5E&pPersonenGruppe=3,"Address per TUMonline vCard: 85748 Garching b. München, Boltzmannstr.    3/II."
Sandra Hirche,Prof. Dr.-Ing.,Lehrstuhl für Informationstechnische Regelung,Munich city centre,,https://www.ce.cit.tum.de/itr/,https://campus.tum.de/tumonline/visitenkarte.show_vcard?pPersonenId=F8E4B4CD2678ABC1&pPersonenGruppe=3,"Address per TUMonline vCard: 80333 München, Barerstr.   21/IV (Informationstechnische Regelung)."
Sebastian Steinhorst,Prof. Dr.,Professur für Embedded Systems and Internet of Things,Munich city centre,,https://www.ce.cit.tum.de/esi,https://campus.tum.de/tumonline/visitenkarte.show_vcard?pPersonenId=A91B8DCB32FB928E&pPersonenGruppe=3,"Address per TUMonline vCard: 80333 München, Arcisstr.   21/IV (Professur Embedded Systems and IoT)."
Sebastian Werner,Prof. Dr.,Professur für Information Systems Engineering,Garching,,,https://campus.tum.de/tumonline/visitenkarte.show_vcard?pPersonenId=6B74AA0B921ED946&pPersonenGruppe=3,"Address per TUMonline vCard: 85748 Garching b. München, Boltzmannstr.    3 (Standort Garching FMI Gebäude). Additional TUM org listed: TUS1332 Professur für Information Systems Engineering (Prof. Werner)."
Seyed Jalal Etesami,Prof. Dr.,Professur für Decision Analytics,Garching,,https://www.cs.cit.tum.de/en/dss/members/prof-jalal-etesami/,https://campus.tum.de/tumonline/visitenkarte.show_vcard?pPersonenId=11582B8747F1A812&pPersonenGruppe=3,"Address per TUMonline vCard: 85748 Garching b. München, Boltzmannstr.    3/I."
Silke Rolles,Prof. Dr.,Professur für Wahrscheinlichkeitstheorie,Garching,,https://www.math.cit.tum.de/math/rolles,https://campus.tum.de/tumonline/visitenkarte.show_vcard?pPersonenId=9C4E2144041FAB5D&pPersonenGruppe=3,"Address per TUMonline vCard: 85748 Garching b. München, Boltzmannstr.    3/III (Professur für Wahscheinlichkeitstheorie)."
Simon Hegelich,Prof. Dr. (verbatim title unconfirmed),Political Data Science (Hochschule für Politik München / TUM School of Social Sciences and Technology),unclear,Primary appointment: TUM School of Social Sciences and Technology (Hochschule für Politik München); confidence=low,,https://www.cit.tum.de/cit/school/personen/professuren/,"confidence=low. Listed under CIT Zweitmitglieder (secondary members) with a link to https://www.hfp.tum.de/politicaldatascience/team/simon-hegelich/ which returned the HfP homepage rather than a profile (stale link, no 404 but no matching content), and https://www.professoren.tum.de/hegelich-simon returned 404. Could not independently confirm current title, exact chair name, or physical address/campus from a live page within this pass. Publicly known as Professor of Political Data Science at TUM; row written per contract rather than dropped."
Simone Warzel,Prof. Dr.,Lehrstuhl für Mathematische Quantenphysik,Garching,,https://www.math.cit.tum.de/math/personen/professuren/warzel-simone/,https://campus.tum.de/tumonline/visitenkarte.show_vcard?pPersonenId=E9E3C0F8B86E163E&pPersonenGruppe=3,"Address per TUMonline vCard: 85748 Garching b. München, Boltzmannstr.    3/III. Additional TUM org listed: TUS3DP1 Department Physics."
Stefan Bauer,Prof. Dr.,Professur für Algorithmisches Maschinelles Lernen & Erklärbare KI,Garching,Munich Center for Machine Learning (MCML); Helmholtz Foundation Model Initiative (Co-Coordinator); CIFAR Learning in Machines & Brains Fellow,https://scholar.google.de/citations?user=O-oICE8AAAAJ&hl,https://campus.tum.de/tumonline/visitenkarte.show_vcard?pPersonenId=BCD98946BB8681C9&pPersonenGruppe=3,"Address per TUMonline vCard: 85748 Garching b. München, Friedrich-Ludwig-Bauer-Str.    5/I."
Stefan Wagner,Prof. Dr.,Lehrstuhl für Software Engineering,Heilbronn,,https://www.cs.cit.tum.de/se/people/stefan-wagner/,https://campus.tum.de/tumonline/visitenkarte.show_vcard?pPersonenId=84DD0DE6E18B8C0A&pPersonenGruppe=3,"Address per TUMonline vCard: 74076 Heilbronn, Bildungscampus    2."
Stefan Weltge,Prof. Dr. rer. nat.,Professur für Diskrete Mathematik,Garching,,https://www.weltge.de/,https://campus.tum.de/tumonline/visitenkarte.show_vcard?pPersonenId=1D83FF14C6BDE5D3&pPersonenGruppe=3,"Address per TUMonline vCard: 85748 Garching b. München, Boltzmannstr.    3."
Stefanie Jegelka,Prof. Dr.,Lehrstuhl für Foundations of Deep Neural Networks,Garching,Munich Center for Machine Learning (MCML),https://mcml.ai/research/groups/jegelka/,https://campus.tum.de/tumonline/visitenkarte.show_vcard?pPersonenId=34E1195FF60255B9&pPersonenGruppe=3,"Address per TUMonline vCard: 85748 Garching b. München, Friedrich-Ludwig-Bauer-Str.    5/II."
Stefanie Rinderle-Ma,Prof. Dr. rer. nat.,Lehrstuhl für Wirtschaftsinformatik und Geschäftsprozessmanagement,Garching,,https://www.cs.cit.tum.de/bpm/chair/,https://campus.tum.de/tumonline/visitenkarte.show_vcard?pPersonenId=45C55001AF03681B&pPersonenGruppe=3,"Address per TUMonline vCard: 85748 Garching b. München, Boltzmannstr.    3/I."
Stephan Günnemann,Prof. Dr. rer. nat.,Lehrstuhl für Data Analytics and Machine Learning,Garching,Munich Center for Machine Learning (MCML),https://www.daml.in.tum.de,https://campus.tum.de/tumonline/visitenkarte.show_vcard?pPersonenId=DC98E68DE90B9891&pPersonenGruppe=3,"Address per TUMonline vCard: 85748 Garching b. München, Boltzmannstr.    3."
Stephan Günther,Prof. Dr.-Ing.,Lehrstuhl für Netzarchitekturen und Netzdienste,Garching,,https://www.net.in.tum.de/members/guenther/,https://campus.tum.de/tumonline/visitenkarte.show_vcard?pPersonenId=0681BD7698F59014&pPersonenGruppe=3,"Address per TUMonline vCard: 85748 Garching b. München, Boltzmannstr.    3/III. Additional TUM org listed: TUINH09 Informatik Heilbronn 9 - Professur für Distributed Systems and Security (Prof. Günther komm.)."
Stephan Krusche,Prof. Dr.,Professur für Applied Education Technologies,Garching,,https://aet.cit.tum.de/krusche,https://campus.tum.de/tumonline/visitenkarte.show_vcard?pPersonenId=6FD2BABEBAFD0045&pPersonenGruppe=3,"Address per TUMonline vCard: 85748 Garching b. München, Boltzmannstr.    3/I. Additional TUM org listed: TUS1000 TUM School of Computation, Information and Technology."
Stephen Kobourov,Prof. Ph.D.,Lehrstuhl für Efficient Algorithms,Heilbronn,,https://www.professoren.tum.de/kobourov-stephen,https://campus.tum.de/tumonline/visitenkarte.show_vcard?pPersonenId=A1A234171009438A&pPersonenGruppe=3,"Address per TUMonline vCard: 74076 Heilbronn, Bildungscampus    2."
Susanne Albers,Prof. Dr. rer. nat.,Lehrstuhl für Algorithmen und Komplexität,Garching,,https://www.cs.cit.tum.de/ac/personen/albers/,https://campus.tum.de/tumonline/visitenkarte.show_vcard?pPersonenId=ABC213D119E06DEB&pPersonenGruppe=3,"Address per TUMonline vCard: 85748 Garching b. München, Boltzmannstr.    3/III."
Suvrit Sra,Prof. Dr.,Lehrstuhl für Resource Aware Machine Learning,Garching,Munich Center for Machine Learning (MCML),,https://campus.tum.de/tumonline/visitenkarte.show_vcard?pPersonenId=6F89713CB18C68B0&pPersonenGruppe=3,"Address per TUMonline vCard: 85748 Garching b. München, Friedrich-Ludwig-Bauer-Str.    5/II."
Thomas Eibert,Prof. Dr.-Ing.,Lehrstuhl für Hochfrequenztechnik,Munich city centre,,https://www.ee.cit.tum.de/hft/,https://campus.tum.de/tumonline/visitenkarte.show_vcard?pPersonenId=37B3A743B2E5A198&pPersonenGruppe=3,"Address per TUMonline vCard: 80333 München, Theresienstr.   90/V."
Thomas Neumann,Prof. Dr. rer. nat.,Lehrstuhl für Data Science and Engineering,Garching,,http://www-db.in.tum.de/~neumann/,https://campus.tum.de/tumonline/visitenkarte.show_vcard?pPersonenId=B23578C18CCBD4CF&pPersonenGruppe=3,"Address per TUMonline vCard: 85748 Garching b. München, Boltzmannstr.    3/II."
Tim Nikolai Hoffmann,Prof. Dr. rer. nat. habil.,Professur für Angewandte computergestützte Mathematik,Garching,,https://timhoffmann.xyz,https://campus.tum.de/tumonline/visitenkarte.show_vcard?pPersonenId=227C93C6FC3D4825&pPersonenGruppe=3,"Address per TUMonline vCard: 85748 Garching b. München, Boltzmannstr.    3/III."
Tim Roith,Prof. Dr. rer. nat.,Professur für Optimierung und Datenanalyse,Garching,,,https://campus.tum.de/tumonline/visitenkarte.show_vcard?pPersonenId=DB0D4E7C32EE1BB1&pPersonenGruppe=3,"Address per TUMonline vCard: 85748 Garching b. München, Boltzmannstr.    3/II."
Tobias Vogl,Prof. Dr. phil.,Professur für Quantum Communication Systems Engineering,Munich city centre,,https://www.ce.cit.tum.de/qcs,https://campus.tum.de/tumonline/visitenkarte.show_vcard?pPersonenId=30604A4738E885AE&pPersonenGruppe=3,"Address per TUMonline vCard: 80333 München, Theresienstr.   90."
Ulf Schlichtmann,Prof. Dr.-Ing.,Lehrstuhl für Entwurfsautomatisierung,Munich city centre,,https://www.ce.cit.tum.de/eda/personen/ulf-schlichtmann/,https://campus.tum.de/tumonline/visitenkarte.show_vcard?pPersonenId=2694D5BD02D42FBA&pPersonenGruppe=3,"Address per TUMonline vCard: 80333 München, Arcisstr.   21/IV."
Ulrich Bauer,Prof. Dr. rer. nat.,Professur für Angewandte und Computergestützte Topologie,Garching,Munich Center for Machine Learning (MCML),https://ulrich-bauer.org,https://campus.tum.de/tumonline/visitenkarte.show_vcard?pPersonenId=96F97DF2BA138989&pPersonenGruppe=3,"Address per TUMonline vCard: 85748 Garching b. München, Boltzmannstr.    3/II."
Vasilis Ntziachristos,Prof. Dr.,Biologische Bildgebung,Munich city centre,Primary appointment: TUM School of Medicine and Health,,https://campus.tum.de/tumonline/visitenkarte.show_vcard?pPersonenId=96645F6B8D3BE641&pPersonenGruppe=3,"Listed under CIT 'Zweitmitglieder' (secondary members) on https://www.cit.tum.de/cit/school/personen/professuren/ ; primary school per professoren.tum.de: TUM School of Medicine and Health. Address per TUMonline vCard: 81675 München, Einsteinstr.   25/III (Lehrstuhl für Biologische Bildgebung)."
Viktor Leis,Prof. Dr. rer. nat.,Lehrstuhl für Decentralized Information Systems and Data Management,Garching,,https://www.cs.cit.tum.de/dis/team/prof-dr-viktor-leis/,https://campus.tum.de/tumonline/visitenkarte.show_vcard?pPersonenId=86B5D4D1A8778B5A&pPersonenGruppe=3,"Address per TUMonline vCard: 85748 Garching b. München, Boltzmannstr.    3/I."
Violetta Weger,Prof. Dr.sc.nat.,Professur für Applied Algebra,Garching,,http://user.math.uzh.ch/weger/,https://campus.tum.de/tumonline/visitenkarte.show_vcard?pPersonenId=7FCBE583E0B303D2&pPersonenGruppe=3,"Address per TUMonline vCard: 85748 Garching b. München, Boltzmannstr.    3/II. Additional TUM org listed: TUEICOD Professur für Codierung und Kryptographie (Prof. Wachter-Zeh)."
Werner Hemmert,Prof. Dr.-Ing.,Professur für Bioanaloge Informationsverarbeitung,Garching,,http://www.bai.ei.tum.de,https://campus.tum.de/tumonline/visitenkarte.show_vcard?pPersonenId=5102919F0A6BB32C&pPersonenGruppe=3,"Address per TUMonline vCard: 85748 Garching b. München, Boltzmannstr.   11 (Zentralinstitut für Medizintechnik)."
Wilhelm Wimmer,Prof. Dr.,Experimentelle Audiologie,Munich city centre,Primary appointment: TUM School of Medicine and Health,https://www.exa-lab.org,https://campus.tum.de/tumonline/visitenkarte.show_vcard?pPersonenId=2FFD286ECA27AB12&pPersonenGruppe=3,"Listed under CIT 'Zweitmitglieder' (secondary members) on https://www.cit.tum.de/cit/school/personen/professuren/ ; primary school per professoren.tum.de: TUM School of Medicine and Health. Address per TUMonline vCard: 81675 München, Ismaninger Str.   22 (Klinik und Poliklinik für HNO-Heilkunde)."
Wolfgang Kellerer,Prof. Dr.-Ing.,Lehrstuhl für Kommunikationsnetze,Munich city centre,,https://www.ce.cit.tum.de/en/lkn/home/,https://campus.tum.de/tumonline/visitenkarte.show_vcard?pPersonenId=58978AAE2AADD7E4&pPersonenGruppe=3,"Address per TUMonline vCard: 80333 München, Arcisstr.   21/II."
Wolfgang Utschick,Prof. Dr.-Ing.,Lehrstuhl für Methoden der Signalverarbeitung,Munich city centre,,https://www.ce.cit.tum.de/msv/home/,https://campus.tum.de/tumonline/visitenkarte.show_vcard?pPersonenId=DB4F5D6330072981&pPersonenGruppe=3,"Address per TUMonline vCard: 80333 München, Theresienstr.   90/I."
Zeynep Akata-Schulz,Prof. Dr.,Lehrstuhl für Interpretable and Reliable Machine Learning,Garching,Munich Center for Machine Learning (MCML); Helmholtz Munich (Helmholtz Institute of Explainable Machine Learning); ELLIS,https://www.eml-munich.de/,https://campus.tum.de/tumonline/visitenkarte.show_vcard?pPersonenId=25068595B7E27B31&pPersonenGruppe=3,"Address per TUMonline vCard: 85748 Garching b. München, Friedrich-Ludwig-Bauer-Str.    5/I."
